Name,Symbol,ISIN,WKN,Exchange
Amundi BBB Euro Corporate Investment Grade UCITS ETF - EUR (C),CAB3,LU1681041387,A2H59E,XETR
Amundi CAC 40 UCITS ETF DR - EUR (C),GC40,LU1681046931,A2H59J,XETR
Amundi DAX 50 ESG UCITS ETF DR (C),DECD,LU2240851688,A2QGW0,XETR
Amundi ETF DAX UCITS ETF DR - EUR (C/D),CG1G,FR0010655712,A0REJQ,XETR
Amundi ETF EURO Inflation UCITS ETF DR (C),CI3G,FR0010754127,A0RNWD,XETR
Amundi ETF Govies 0-6 Months EuroMTS Investment Grade UCITS ETF DR - EUR (C),18M1,FR0010754200,A0RNWC,XETR
Amundi ETF Govt Bond EuroMTS Broad Investment Grade 1-3 UCITS ETF DR - EUR (C),18MX,FR0010754135,A0RNV6,XETR
Amundi ETF Govt Bond EuroMTS Broad Investment Grade 10-15 UCITS ETF - EUR (C),18MW,FR0010754143,A0RNWA,XETR
Amundi ETF Govt Bond EuroMTS Broad Investment Grade 3-5 UCITS ETF DR - EUR (C),18MY,FR0010754168,A0RNV7,XETR
Amundi ETF Govt Bond EuroMTS Broad Investment Grade 5-7 UCITS ETF DR - EUR (C),18MZ,FR0010754176,A0RNV8,XETR
Amundi ETF Govt Bond EuroMTS Broad Investment Grade 7-10 UCITS ETF DR - EUR (C),18M0,FR0010754184,A0RNV9,XETR
Amundi ETF MSCI Europe ex EMU UCITS ETF - EUR (C/D),540H,FR0010821819,A0YF2V,XETR
Amundi ETF MSCI Spain UCITS ETF - EUR (C/D),AMES,FR0010655746,A0REJT,XETR
Amundi ETF MSCI UK UCITS ETF - EUR (C/D),540K,FR0010655761,A0REJR,XETR
Amundi ETF MSCI World ex EMU UCITS ETF - EUR (C/D),ACM9,FR0010756114,A0RPV6,XETR
Amundi ETF STOXX Europe 50 UCITS ETF - EUR (C/D),AE50,FR0010790980,A0X9QJ,XETR
Amundi Euro Corporate 0-1Y ESG UCITS ETF DR (C) - Acc,ECR1,LU2300294316,A2QP8C,XETR
Amundi Euro Corporates UCITS ETF - EUR (C),TCC4,LU1681039647,A2H57V,XETR
Amundi Euro High Yield Liquid Bond iBoxx UCITS ETF - EUR (C),AHYE,LU1681040496,A2H580,XETR
Amundi EURO STOXX 50 UCITS ETF DR - EUR (C),V50A,LU1681047236,A2H59L,XETR
Amundi EURO STOXX 50 UCITS ETF DR - EUR (D),V50D,LU1681047319,A2H59M,XETR
Amundi Floating Rate Euro Corporate 1-3 UCITS ETF - EUR (C),FRNE,LU1681041114,A2H585,XETR
Amundi Floating Rate USD Corporate UCITS ETF - Hedged EUR (C),FRNH,LU1681041031,A2H59D,XETR
Amundi Floating Rate USD Corporate UCITS ETF - USD (C),FRNU,LU1681040900,A2H59C,XETR
Amundi Govt Bond EuroMTS Broad Investment Grade UCITS ETF - EUR (C),CB3G,LU1681046261,A2H57U,XETR
Amundi Govt Bond Highest Rated EuroMTS Investment Grade UCITS ETF - EUR (C),DE5A,LU1681046691,A2H58G,XETR
Amundi Govt Bond Lowest Rated EuroMTS Investment Grade 1-3 UCITS ETF - EUR (C),X13G,LU1681046345,A2H584,XETR
Amundi Govt Bond Lowest Rated EuroMTS Investment Grade UCITS ETF - EUR (C),KX1G,LU1681046774,A2H58E,XETR
Amundi iCPR Euro Corporate Climate Paris Aligned PAB UCITS ETF DR (C),PABC,LU2300295396,A2QP8D,XETR
Amundi Index Barclays Global AGG 500M UCITS ETF DR - EUR (D),10AM,LU1737654019,A2H9Q6,XETR
Amundi Index Euro AGG Corporate SRI UCITS ETF DR - EUR (D),DECR,LU1737653987,A2H9Q5,XETR
Amundi Index Euro Corporate SRI 0-3 Y UCITS ETF DR - EUR (C),ECR3,LU2037748774,A2PQEM,XETR
Amundi Index J.P. Morgan EMU Govies IG UCITS ETF DR - EUR (D),10AL,LU1737653714,A2H9Q4,XETR
Amundi Index J.P. Morgan GBI Global Govies UCITS ETF DR - EUR (D),10AK,LU1737653631,A2H9Q3,XETR
Amundi Index MSCI Emerging Markets SRI UCITS ETF DR (C),AMEI,LU1861138961,A2JSDD,XETR
Amundi Index MSCI Emerging Markets UCITS ETF DR - EUR (D),AEMD,LU1737652583,A2H9Q0,XETR
Amundi Index MSCI EMU SRI UCITS ETF DR (A),SRHE,LU2109787635,A2PZDC,XETR
Amundi Index MSCI Europe SRI UCITS ETF DR (C),MIVB,LU1861137484,A2JSDC,XETR
Amundi Index MSCI Europe UCITS ETF DR - EUR (D),10AI,LU1737652310,A2H9QZ,XETR
Amundi Index MSCI Japan SRI UCITS ETF DR - Hedged EUR (C),JARH,LU2269164310,A2QKHV,XETR
Amundi Index MSCI Japan SRI UCITS ETF DR (C),JARI,LU2233156749,A2QEUK,XETR
Amundi Index MSCI Japan UCITS ETF DR - EUR (C),J1GR,LU1602144732,A2DR4P,XETR
Amundi Index MSCI North America UCITS ETF DR - EUR (D),DNRA,LU1737653045,A2H9Q2,XETR
Amundi Index MSCI Pacific ex Japan SRI UCITS ETF DR - EUR (C),18MM,LU1602144906,A2DR4M,XETR
Amundi Index MSCI USA SRI UCITS ETF DR (C),GNAR,LU1861136247,A2JSDB,XETR
Amundi Index MSCI World SRI UCITS ETF DR - Hedged EUR (C),MWSH,LU2249056297,A2QGPM,XETR
Amundi Index MSCI World SRI UCITS ETF DR (C),XAMB,LU1861134382,A2JSDA,XETR
Amundi Index MSCI World UCITS ETF DR - EUR (D),10AH,LU1737652237,A2H9QY,XETR
Amundi Index US Corp SRI UCITS ETF DR - Hedged EUR (D),UCRH,LU2297533809,A2QN4F,XETR
Amundi Index US CORP SRI UCITS ETF DR - USD (C),UCRP,LU1806495575,A2JH17,XETR
Amundi Japan TOPIX UCITS ETF - Daily Hedged EUR (C),TTPX,LU1681037864,A2H58W,XETR
Amundi JPX-Nikkei 400 UCITS ETF - Daily Hedged EUR (C),JP4H,LU1681039134,A2H588,XETR
Amundi JPX-Nikkei 400 UCITS ETF - EUR (C),JP40,LU1681038912,A2H586,XETR
Amundi MSCI Brazil UCITS ETF - USD (C),540F,LU1437024992,A2AQ5K,XETR
Amundi MSCI China UCITS ETF - EUR (C),18MG,LU1681043912,A2H57J,XETR
Amundi MSCI Eastern Europe Ex Russia UCITS ETF - EUR (C),540G,LU1681043755,A2H57L,XETR
Amundi MSCI EM Asia UCITS ETF - EUR (C),AMEA,LU1681044480,A2H58R,XETR
Amundi MSCI EM Latin America UCITS ETF - EUR (C),AMEL,LU1681045024,A2H58P,XETR
Amundi MSCI Emerging ESG Leaders UCITS ETF DR (C),SADM,LU2109787551,A2PZDB,XETR
Amundi MSCI Emerging ESG Universal Select UCITS ETF DR (C),SBIM,LU2109787049,A2PZC5,XETR
Amundi MSCI Emerging Markets UCITS ETF - EUR (C),AMEM,LU1681045370,A2H58J,XETR
Amundi MSCI EMU ESG Leaders Select UCITS ETF DR - EUR (C),AMED,LU1602144575,A2DR4R,XETR
Amundi MSCI EMU ESG Universal Select UCITS ETF DR (A),SBIZ,LU2109786827,A2PZC7,XETR
Amundi MSCI Europe ESG Leaders Select UCITS ETF DR (A),SADE,LU2109787478,A2PZDA,XETR
Amundi MSCI Europe ESG Universal Select UCITS ETF DR (A),SBIE,LU2109786744,A2PZC6,XETR
Amundi MSCI Europe UCITS ETF - EUR (C),CEUG,LU1681042609,A2H567,XETR
Amundi MSCI India UCITS ETF - EUR (C),18MK,LU1681043086,A2H57G,XETR
Amundi MSCI Japan ESG Universal Select UCITS ETF DR (C),JUPI,LU2300294746,A2QQC6,XETR
Amundi MSCI Nordic UCITS ETF - EUR (C),CN1G,LU1681044647,A2H569,XETR
Amundi MSCI Switzerland UCITS ETF - EUR (C),540J,LU1681044720,A2H57A,XETR
Amundi MSCI USA ESG Leaders Select UCITS ETF DR - Hedged EUR (C),SADH,LU2153616326,A2P22T,XETR
Amundi MSCI USA ESG Leaders Select UCITS ETF DR (A),SADU,LU2109787395,A2PZC9,XETR
Amundi MSCI USA ESG Universal Select UCITS ETF DR (A),SBIU,LU2109786660,A2PZC4,XETR
Amundi MSCI USA UCITS ETF - EUR (C),ACU2,LU1681042864,A2H57D,XETR
Amundi MSCI World Climate Paris Aligned PAB UCITS ETF DR - USD (C),PABW,LU2182388400,A2P6TP,XETR
Amundi MSCI World Climate Transition CTB UCITS ETF DR - EUR (C),LWCR,LU1602144229,A2DR4H,XETR
Amundi MSCI World ESG Leaders Select UCITS ETF DR (A),SADW,LU2109787122,A2PZC8,XETR
Amundi MSCI World ESG Universal Select UCITS ETF DR (A),SBIW,LU2109786587,A2PZC3,XETR
Amundi MSCI World Ex Europe UCITS ETF - EUR (C),CE8G,LU1681045537,A2H57S,XETR
Amundi MSCI World UCITS ETF - EUR (C),AMEW,LU1681043599,A2H59Q,XETR
Amundi Nasdaq-100 UCITS ETF - Daily Hedged EUR (C),HNDX,LU1681038599,A2H579,XETR
Amundi Nasdaq-100 UCITS ETF - EUR (C),6AQQ,LU1681038243,A2H577,XETR
Amundi Prime Euro Corporates UCITS ETF DR - EUR (C),PRAC,LU2089238625,A2PWMN,XETR
Amundi Prime Euro Corporates UCITS ETF DR - EUR (D),PR1C,LU1931975079,A2PBLN,XETR
Amundi Prime Euro Gov Bonds 0-1Y UCITS ETF DR (C),PRAB,LU2233156582,A2QEUJ,XETR
Amundi Prime Euro Govies UCITS ETF DR - EUR (C),PRAR,LU2089238898,A2PWMP,XETR
Amundi Prime Euro Govies UCITS ETF DR - EUR (D),PR1R,LU1931975152,A2PBLP,XETR
Amundi Prime Europe UCITS ETF DR - EUR (C),PRAE,LU2089238039,A2PWMH,XETR
Amundi Prime Europe UCITS ETF DR - EUR (D),PR1E,LU1931974262,A2PBLF,XETR
Amundi Prime Eurozone UCITS ETF DR - EUR (C),PRAZ,LU2089238112,A2PWMJ,XETR
Amundi Prime Eurozone UCITS ETF DR - EUR (D),PR1Z,LU1931974429,A2PBLH,XETR
Amundi Prime Global Govies UCITS ETF DR - EUR (C),PRAG,LU2089238971,A2PWMQ,XETR
Amundi Prime Global Govies UCITS ETF DR - EUR (D),PR1G,LU1931975236,A2PBLQ,XETR
Amundi Prime Global UCITS ETF DR - USD (C),PRAW,LU2089238203,A2PWMK,XETR
Amundi Prime Global UCITS ETF DR - USD (D),PR1W,LU1931974692,A2PBLJ,XETR
Amundi Prime Japan UCITS ETF DR - JPY (C),PRAJ,LU2089238385,A2PWML,XETR
Amundi Prime Japan UCITS ETF DR - JPY (D),PR1J,LU1931974775,A2PBLK,XETR
Amundi Prime US Corporates UCITS ETF DR - USD (C),PRAP,LU2089239276,A2PWMS,XETR
Amundi Prime US Corporates UCITS ETF DR - USD (D),PR1P,LU2037749152,A2PP4C,XETR
Amundi Prime US Treasury Bond 0-1 Y UCITS ETF DR - Hedged EUR (C),PR1H,LU2182388749,A2P6TT,XETR
Amundi Prime US Treasury Bond 0-1 Y UCITS ETF DR - USD (C),PR1T,LU2182388665,A2P6TS,XETR
Amundi Prime US Treasury UCITS ETF DR - USD (C),PRAS,LU2089239193,A2PWMR,XETR
Amundi Prime US Treasury UCITS ETF DR - USD (D),PR1S,LU1931975319,A2PBLR,XETR
Amundi Prime USA UCITS ETF DR - USD (C),PRAU,LU2089238468,A2PWMM,XETR
Amundi Prime USA UCITS ETF DR - USD (D),PR1U,LU1931974858,A2PBLL,XETR
Amundi Russell 2000 UCITS ETF - EUR (C),RS2K,LU1681038672,A2H582,XETR
Amundi S&P 500 ESG UCITS ETF DR - EUR (C),F500,LU1437017863,A2ATY3,XETR
Amundi S&P 500 UCITS ETF - Daily Hedged EUR (C),H1D5,LU1681049109,A2H576,XETR
Amundi S&P 500 UCITS ETF - EUR (C),AUM5,LU1681048804,A2H573,XETR
Amundi STOXX Europe 600 UCITS ETF - EUR (C),AME6,LU1681040223,A2H57X,XETR
BNP Paribas Easy Bloomberg Barclays Euro Aggregate Treasury UCITS ETF,JBEM,LU1481202692,A2DH5P,XETR
BNP Paribas Easy ECPI Global ESG Blue Economy UCITS ETF - Acc,BJLE,LU2194447293,A2QCJJ,XETR
BNP Paribas Easy Energy & Metals Enhanced Roll UCITS ETF EUR C,GSDE,LU1291109616,A2AE6P,XETR
BNP Paribas Easy Energy & Metals Enhanced Roll UCITS ETF EUR Hedged,EMEH,LU1547516291,A2DU5K,XETR
BNP Paribas Easy EUR High Yield SRI Fossil Free UCITS ETF - Acc,ASRF,LU2244386053,A2QMK5,XETR
BNP Paribas Easy EUR High Yield SRI Fossil Free UCITS ETF - Dist,ASRG,LU2244386137,A2QMK3,XETR
BNP Paribas Easy Euro Corp Bond SRI Fossil Free 1-3Y UCITS ETF,ASR3,LU2008760592,A2PP8B,XETR
BNP Paribas Easy Euro Corp Bond SRI Fossil Free 3-5Y UCITS ETF,ASR5,LU2008761053,A2PP8C,XETR
BNP Paribas Easy Euro Corp Bond SRI Fossil Free UCITS ETF,ASRI,LU1859444769,A2N8AD,XETR
BNP Paribas Easy EURO STOXX 50 UCITS ETF - C,ETDD,FR0012739431,A14UTE,XETR
BNP Paribas Easy EURO STOXX 50 UCITS ETF - C/D,ETBB,FR0012740983,A14UTF,XETR
BNP Paribas Easy JPM ESG EMBI Global Diversified Composite UCITS ETF - Acc,ASRC,LU1547515053,A2QMK1,XETR
BNP Paribas Easy JPM ESG EMBI Global Diversified Composite UCITS ETF - Acc h EUR,ASRD,LU1547515137,A2QMK4,XETR
BNP Paribas Easy JPM ESG EMU Government Bond IG 3-5Y UCITS ETF - Acc,ASRE,LU2244387457,A2QMK2,XETR
BNP Paribas Easy Low Carbon 100 Europe PAB UCITS ETF,LCEU,LU1377382368,A2DPX9,XETR
BNP Paribas Easy MSCI Emerging Markets ex CW UCITS ETF EUR - C,EMKX,LU1291097779,A2AL1R,XETR
BNP Paribas Easy MSCI Emerging SRI S-Series 5% Capped UCITS ETF - EUR,XU6C,LU1659681313,A2H5E6,XETR
BNP Paribas Easy MSCI Emerging SRI S-Series 5% Capped UCITS ETF - USD,ESRI,LU1291098314,A2APND,XETR
BNP Paribas Easy MSCI EMU ESG Filtered Min TE UCITS ETF,EMUX,LU1291098827,A2AL1W,XETR
BNP Paribas Easy MSCI EMU SRI S-Series 5% Capped UCITS ETF,EMUS,LU1953137681,A2PP8D,XETR
BNP Paribas Easy MSCI Europe ex CW UCITS ETF,EEUX,LU1291099718,A2AL1V,XETR
BNP Paribas Easy MSCI Europe ex UK ex CW UCITS ETF - C,EEXU,LU1291100664,A2ADBR,XETR
BNP Paribas Easy MSCI Europe Small Caps SRI S-Series 5% Capped,EESM,LU1291101555,A2AL1T,XETR
BNP Paribas Easy MSCI Europe SRI S-Series 5% Capped UCITS ETF,ZSRI,LU1753045415,A2JFSU,XETR
BNP Paribas Easy MSCI Japan ex CW UCITS ETF - C,EJAP,LU1291102447,A2ADB6,XETR
BNP Paribas Easy MSCI Japan ex CW UCITS ETF EUR Hedged - C,EJAH,LU1481203070,A2DJG1,XETR
BNP Paribas Easy MSCI Japan SRI S-Series 5% Capped UCITS ETF,JSRI,LU1753045928,A2JFSV,XETR
BNP Paribas Easy MSCI North America ex CW UCITS ETF - C,ENOA,LU1291104575,A2ADB1,XETR
BNP Paribas Easy MSCI Pacific ex Japan ex CW UCITS ETF - C,PAC,LU1291106356,A2ADBW,XETR
BNP Paribas Easy MSCI USA SRI S-Series 5% Capped UCITS ETF,EKUS,LU1659681669,A2H5E5,XETR
BNP Paribas Easy MSCI USA SRI S-Series 5% Capped UCITS ETF,EKLD,LU1291103338,A2AL1U,XETR
BNP Paribas Easy MSCI World SRI S-Series 5% Capped UCITS ETF - EUR,EMWE,LU1615092217,A2DVEZ,XETR
BNP Paribas Easy MSCI World SRI S-Series 5% Capped UCITS ETF - USD,EWRD,LU1291108642,A2AL1S,XETR
BNP Paribas Easy S&P 500 UCITS ETF,ESEA,FR0011550680,A1W6FE,XETR
BNP Paribas Easy S&P 500 UCITS ETF,ESAP,FR0011550177,A1W4DQ,XETR
BNP Paribas Easy S&P 500 UCITS ETF - C,ESEE,FR0011550185,A1W4DP,XETR
BNP Paribas Easy S&P 500 UCITS ETF EUR Hedged - C,ESEH,FR0013041530,A14Z68,XETR
BNP Paribas Easy STOXX Europe 600 UCITS ETF,ETSA,FR0011550672,A1W6FD,XETR
BNP Paribas Easy STOXX Europe 600 UCITS ETF EUR - C,ETSZ,FR0011550193,A1W37K,XETR
CSIF (IE) MSCI USA Blue UCITS ETF B (USD) - Acc,CSY1,IE00BJBYDR19,A2PW7G,XETR
CSIF (IE) MSCI USA ESG Leaders Blue UCITS ETF B (USD) - Acc,CSY2,IE00BJBYDP94,A2PW7A,XETR
CSIF (IE) MSCI USA Small Cap ESG Leaders Blue UCITS ETF - B USD,CSY8,IE00BMDX0L03,A2P4U1,XETR
CSIF (IE) MSCI World ESG Leaders Blue UCITS ETF B (USD) - Acc,CSY5,IE00BJBYDQ02,A2PW7D,XETR
CSIF (IE) MSCI World ESG Leaders Blue UCITS ETF BH (EUR) - Acc,CSY7,IE00BKKFT300,A2PW7F,XETR
Deka DAX (ausschuettend) UCITS ETF,EL4F,DE000ETFL060,ETFL06,XETR
Deka DAX ex Financials 30 UCITS ETF,ELF0,DE000ETFL433,ETFL43,XETR
Deka DAX UCITS ETF,EL4A,DE000ETFL011,ETFL01,XETR
Deka Deutsche Boerse EUROGOV France UCITS ETF,EFQ2,DE000ETFL425,ETFL42,XETR
Deka Deutsche Boerse EUROGOV Germany 1-3 UCITS ETF,EL4S,DE000ETFL185,ETFL18,XETR
Deka Deutsche Boerse EUROGOV Germany 10+ UCITS ETF,EL4V,DE000ETFL219,ETFL21,XETR
Deka Deutsche Boerse EUROGOV Germany 3-5 UCITS ETF,EL4T,DE000ETFL193,ETFL19,XETR
Deka Deutsche Boerse EUROGOV Germany 5-10 UCITS ETF,EL4U,DE000ETFL201,ETFL20,XETR
Deka Deutsche Boerse EUROGOV Germany Money Market UCITS ETF,EL4W,DE000ETFL227,ETFL22,XETR
Deka Deutsche Boerse EUROGOV Germany UCITS ETF,EL4R,DE000ETFL177,ETFL17,XETR
Deka Euro Corporates 0-3 Liquid UCITS ETF,ELFF,DE000ETFL532,ETFL53,XETR
Deka EURO STOXX 50 ESG UCITS ETF,ELFA,DE000ETFL466,ETFL46,XETR
Deka EURO STOXX 50 UCITS ETF,EL4B,DE000ETFL029,ETFL02,XETR
Deka Eurozone Rendite Plus 1-10 UCITS ETF,ELFD,DE000ETFL490,ETFL49,XETR
Deka Germany 30 UCITS ETF,ELFG,DE000ETFL516,ETFL51,XETR
Deka iBoxx EUR Liquid Corporates Diversified UCITS ETF,EL49,DE000ETFL375,ETFL37,XETR
Deka iBoxx EUR Liquid Germany Covered Diversified UCITS ETF,EL48,DE000ETFL359,ETFL35,XETR
Deka iBoxx EUR Liquid Non-Financials Diversified UCITS ETF,EFQ8,DE000ETFL383,ETFL38,XETR
Deka iBoxx EUR Liquid Sovereign Diversified 1-10 UCITS ETF,EL4K,DE000ETFL110,ETFL11,XETR
Deka iBoxx EUR Liquid Sovereign Diversified 1-3 UCITS ETF,EL4L,DE000ETFL128,ETFL12,XETR
Deka iBoxx EUR Liquid Sovereign Diversified 10+ UCITS ETF,EL4Q,DE000ETFL169,ETFL16,XETR
Deka iBoxx EUR Liquid Sovereign Diversified 3-5 UCITS ETF,EL4M,DE000ETFL136,ETFL13,XETR
Deka iBoxx EUR Liquid Sovereign Diversified 5-7 UCITS ETF,EL4N,DE000ETFL144,ETFL14,XETR
Deka iBoxx EUR Liquid Sovereign Diversified 7-10 UCITS ETF,EL4P,DE000ETFL151,ETFL15,XETR
Deka MDAX UCITS ETF,ELF1,DE000ETFL441,ETFL44,XETR
Deka MSCI China ex A Shares UCITS ETF,EL46,DE000ETFL326,ETFL32,XETR
Deka MSCI Emerging Markets UCITS ETF,EL40,DE000ETFL342,ETFL34,XETR
Deka MSCI EMU Climate Change ESG UCITS ETF,D6RS,DE000ETFL557,ETFL55,XETR
Deka MSCI Europe Climate Change ESG UCITS ETF,D6RR,DE000ETFL565,ETFL56,XETR
Deka MSCI Europe ex EMU UCITS ETF,ELF5,DE000ETFL458,ETFL45,XETR
Deka MSCI Europe LC UCITS ETF,EL4H,DE000ETFL086,ETFL08,XETR
Deka MSCI Europe MC UCITS ETF,EL43,DE000ETFL292,ETFL29,XETR
Deka MSCI Europe UCITS ETF,EL42,DE000ETFL284,ETFL28,XETR
Deka MSCI Germany Climate Change ESG UCITS ETF,D6RT,DE000ETFL540,ETFL54,XETR
Deka MSCI Japan Climate Change ESG UCITS ETF,EL45,DE000ETFL318,ETFL31,XETR
Deka MSCI Japan LC UCITS ETF,EL4J,DE000ETFL102,ETFL10,XETR
Deka MSCI Japan UCITS ETF,EL44,DE000ETFL300,ETFL30,XETR
Deka MSCI USA Climate Change ESG UCITS ETF,D6RQ,DE000ETFL573,ETFL57,XETR
Deka MSCI USA LC UCITS ETF,EL4I,DE000ETFL094,ETFL09,XETR
Deka MSCI USA MC UCITS ETF,EL41,DE000ETFL276,ETFL27,XETR
Deka MSCI USA UCITS ETF,EL4Z,DE000ETFL268,ETFL26,XETR
Deka MSCI World Climate Change ESG UCITS ETF,D6RP,DE000ETFL581,ETFL58,XETR
Deka MSCI World UCITS ETF,ELFW,DE000ETFL508,ETFL50,XETR
Deka Oekom Euro Nachhaltigkeit UCITS ETF,ELFB,DE000ETFL474,ETFL47,XETR
Deka STOXX Europe 50 UCITS ETF,EL4Y,DE000ETFL250,ETFL25,XETR
Deka US Treasury 7-10 UCITS ETF,ELFE,DE000ETFL524,ETFL52,XETR
Expat Bulgaria SOFIX UCITS ETF,BGX,BG9000011163,A2ARPV,XETR
Expat Croatia CROBEX UCITS ETF,ECDC,BGCROEX03189,A2JB7C,XETR
Expat Czech PX UCITS ETF,CZX,BGCZPX003174,A2JAG6,XETR
Expat Greece ASE UCITS ETF,GRX,BGGRASE06174,A2JAG9,XETR
Expat Hungary BUX UCITS ETF,HUBE,BGHUBUX01189,A2JB7B,XETR
Expat Macedonia MBI10 UCITS ETF,MKK1,BGMACMB06181,A2JB7E,XETR
Expat Poland WIG20 UCITS ETF,PLX,BGPLWIG04173,A2JAHA,XETR
Expat Romania BET UCITS ETF,ROX,BGROBET05176,A2JAHB,XETR
Expat Serbia BELEX15 UCITS ETF,ESNB,BGSRBBE05183,A2JB7D,XETR
Expat Slovakia SAX UCITS ETF,SK9A,BGSKSAX04187,A2JB7H,XETR
Expat Slovenia SBI TOP UCITS ETF,SLQX,BGSLOBI02187,A2JB7F,XETR
Franklin FTSE Brazil UCITS ETF ,FLXB,IE00BHZRQY00,A2PB5U,XETR
Franklin FTSE China UCITS ETF,FLXC,IE00BHZRR147,A2PB5V,XETR
Franklin FTSE India UCITS ETF ,FLXI,IE00BHZRQZ17,A2PB5W,XETR
Franklin FTSE Korea UCITS ETF ,FLXK,IE00BHZRR030,A2PB5X,XETR
Franklin LibertyQ Global Equity SRI UCITS ETF,FLXG,IE00BF2B0N83,A2DTF3,XETR
Franklin S&P 500 Paris Aligned Climate UCITS ETF,FLX5,IE00BMDPBZ72,A2P5CL,XETR
Franklin STOXX Europe 600 Paris Aligned Climate UCITS ETF,FLXP,IE00BMDPBY65,A2P5CM,XETR
Goldman Sachs Access China Government Bond UCITS ETF,GASF,IE00BJSBCS90,A2PPCG,XETR
HSBC Asia Pacific ex Japan Sustainable Equity UCITS ETF,H4Z2,IE00BKY58G26,A2PXVH,XETR
HSBC Developed World Sustainable Equity UCITS ETF,H41C,IE00BKY59K37,A2PXVJ,XETR
HSBC Emerging Market Sustainable Equity UCITS ETF,H4Z1,IE00BKY59G90,A2PXVK,XETR
HSBC EURO STOXX 50 UCITS ETF,H4ZA,IE00B4K6B022,A0YF4H,XETR
HSBC Europe Sustainable Equity UCITS ETF,H413,IE00BKY55W78,A2PXVM,XETR
HSBC FTSE 100 UCITS ETF,H4ZB,IE00B42TW061,A0N9WS,XETR
HSBC Hang Seng TECH UCITS ETF,H4ZX,IE00BMWXKN31,A2QHV0,XETR
HSBC Japan Sustainable Equity UCITS ETF,XU8Z,IE00BKY55S33,A2PXVN,XETR
HSBC MSCI AC Far East ex Japan UCITS ETF USD,H411,IE00BBQ2W338,A1W2EL,XETR
HSBC MSCI Brazil UCITS ETF,H4ZG,IE00B5W34K94,A1C195,XETR
HSBC MSCI Canada UCITS ETF,H4ZR,IE00B51B7Z02,A1JHYS,XETR
HSBC MSCI China A Inclusion UCITS ETF,H41K,IE00BF4NQ904,A2N390,XETR
HSBC MSCI China UCITS ETF,H4ZP,IE00B44T3H88,A1JHYT,XETR
HSBC MSCI EM Far East UCITS ETF,H4ZI,IE00B5LP3W10,A1C22J,XETR
HSBC MSCI EM Latin America UCITS ETF,H4ZW,IE00B4TS3815,A1H8BL,XETR
HSBC MSCI Emerging Markets UCITS ETF,H410,IE00B5SSQT16,A1JCMZ,XETR
HSBC MSCI Europe UCITS ETF,H4ZE,IE00B5BD5K76,A1CY17,XETR
HSBC MSCI Indonesia UCITS ETF,H4ZT,IE00B46G8275,A1H8BN,XETR
HSBC MSCI Japan UCITS ETF,H4ZC,IE00B5VX7566,A1CXGS,XETR
HSBC MSCI Korea Capped UCITS ETF,H4Z9,IE00B3Z0X395,A1JJU5,XETR
HSBC MSCI Malaysia UCITS ETF,H4ZV,IE00B3X3R831,A1H8BQ,XETR
HSBC MSCI Mexico Capped UCITS ETF,H4ZS,IE00B3QMYK80,A1H8BM,XETR
HSBC MSCI Pacific ex Japan UCITS ETF,H4ZH,IE00B5SG8Z57,A1C22H,XETR
HSBC MSCI Russia Capped UCITS ETF,H4ZM,IE00B5LJZQ16,A1JCM1,XETR
HSBC MSCI South Africa UCITS ETF,H4ZQ,IE00B57S5Q22,A1JHYU,XETR
HSBC MSCI Taiwan Capped UCITS ETF,H4ZU,IE00B3S1J086,A1H8BP,XETR
HSBC MSCI Turkey UCITS ETF,H4ZK,IE00B5BRQB73,A1H436,XETR
HSBC MSCI USA UCITS ETF,H4ZD,IE00B5WFQ436,A1CY1Q,XETR
HSBC MSCI World UCITS ETF,H4ZJ,IE00B4X9L533,A1C9KK,XETR
HSBC S&P 500 UCITS ETF,H4ZF,IE00B5KQNG97,A1C19C,XETR
HSBC USA Sustainable Equity UCITS ETF,H412,IE00BKY40J65,A2PXVQ,XETR
iClima Global Decarbonisation Enablers UCITS ETF - Acc,ECLM,IE00BNC1F287,A2QG4B,XETR
Invesco Bloomberg Commodity ex-Agriculture UCITS ETF Acc,XAAG,IE00BYXYX521,A2DPAK,XETR
Invesco EQQQ Nasdaq-100 UCITS ETF Dist,EQQQ,IE0032077012,801498,XETR
Invesco EQQQ Nasdaq-100 UCITS ETF EUR Hdg Acc,EQEU,IE00BYVTMS52,A2DT9V,XETR
Invesco Euro Corporate Bond UCITS ETF Dist,PSFE,IE00BF51K249,A2DX8S,XETR
Invesco Euro Corporate Hybrid Bond UCITS ETF - Acc,EHBA,IE00BKWD3B81,A2PVDZ,XETR
Invesco Euro Corporate Hybrid Bond UCITS ETF - Dist,EHBD,IE00BKWD3966,A2PVDY,XETR
Invesco Euro Government Bond 1-3 Year UCITS ETF,EIB3,IE00BGJWWY63,A2N7D4,XETR
Invesco Euro Government Bond 3-5 Year UCITS ETF,EIB5,IE00BGJWWV33,A2PM7L,XETR
Invesco Euro Government Bond 5-7 Year UCITS ETF,EIB7,IE00BGJWWT11,A2PM7M,XETR
Invesco Euro Government Bond 7-10 Year UCITS ETF,EIBX,IE00BGJWWW40,A2PM7N,XETR
Invesco Euro Government Bond UCITS ETF,EIBB,IE00BGJWWX56,A2N7D3,XETR
Invesco EURO STOXX 50 UCITS ETF Acc,SC0D,IE00B60SWX25,A0RGCL,XETR
Invesco EURO STOXX 50 UCITS ETF Dist,S6X0,IE00B5B5TG76,A0YESX,XETR
Invesco EuroMTS Cash 3 Months UCITS ETF Acc,PJEU,IE00B3BPCH51,A0RAC9,XETR
Invesco JPX-Nikkei 400 UCITS ETF Acc,SMLN,IE00BPRCH686,A119GW,XETR
Invesco JPX-Nikkei 400 UCITS ETF EUR Hdg Acc,NS4E,IE00BVGC6645,A14MTZ,XETR
Invesco MDAX UCITS ETF,DEAM,IE00BHJYDV33,A2N7NF,XETR
Invesco MSCI China All Shares Stock Connect UCITS ETF - Acc,MCHN,IE00BK80XL30,A2P8EJ,XETR
Invesco MSCI Emerging Markets UCITS ETF Acc,EMSM,IE00B3DWVS88,A1CWJF,XETR
Invesco MSCI EMU ESG Universal Screened UCITS ETF - Acc,EEMU,IE00BMDBMX02,A2QGU1,XETR
Invesco MSCI Europe ESG Leaders Catholic Principles UCITS ETF 1D,ICFP,IE00BG0NY640,A0PGVT,XETR
Invesco MSCI Europe ESG Universal Screened UCITS ETF,ESGE,IE00BJQRDL90,A2PHLN,XETR
Invesco MSCI Europe ex UK ESG Universal Screened UCITS ETF - Acc,ESGX,IE00BMDBMW94,A2QGU2,XETR
Invesco MSCI Europe ex-UK UCITS ETF Acc,MXUK,IE00BYX5K108,A2AN46,XETR
Invesco MSCI Europe UCITS ETF Acc,SC0E,IE00B60SWY32,A0RGCM,XETR
Invesco MSCI Japan UCITS ETF Acc,SC0I,IE00B60SX287,A0RGCR,XETR
Invesco MSCI USA ESG Universal Screened UCITS ETF,ESGU,IE00BJQRDM08,A2PHLP,XETR
Invesco MSCI USA UCITS ETF Acc,SC0H,IE00B60SX170,A0RGCQ,XETR
Invesco MSCI World ESG Universal Screened UCITS ETF,ESGW,IE00BJQRDK83,A2PHLM,XETR
Invesco MSCI World UCITS ETF Acc,SC0J,IE00B60SX394,A0RGCS,XETR
Invesco NASDAQ Next Generation 100 UCITS ETF - Acc,EQQJ,IE00BMD8KP97,A2QPVX,XETR
Invesco Nasdaq-100 Swap UCITS ETF - Acc,EQQX,IE00BNRQM384,A2QMHS,XETR
Invesco Preferred Shares UCITS ETF EUR Hgd Dist,PDSE,IE00BDT8V027,A2JEE2,XETR
Invesco Russell 2000 UCITS ETF Acc,SC0K,IE00B60SX402,A0RGCT,XETR
Invesco S&P 500 ESG UCITS ETF (Acc),5ESG,IE00BKS7L097,A2PX8A,XETR
Invesco S&P 500 UCITS ETF Acc,P500,IE00B3YCGJ38,A1CYW7,XETR
Invesco S&P 500 UCITS ETF Dist,D500,IE00BYML9W36,A1405W,XETR
Invesco S&P 500 UCITS ETF EUR Hedged Acc,E500,IE00BRKWGL70,A12DYR,XETR
Invesco S&P Small Cap 600 UCITS ETF - Acc,SMLK,IE00BH3YZ803,A2N84X,XETR
Invesco STOXX Europe 600 UCITS ETF Acc,SC0C,IE00B60SWW18,A0RGCK,XETR
Invesco STOXX Europe Mid 200 UCITS ETF Acc,SC0G,IE00B60SX063,A0RGCP,XETR
Invesco STOXX Europe Small 200 UCITS ETF Acc,SC0F,IE00B60SWZ49,A0RGCN,XETR
Invesco US Treasury Bond 0-1 Year UCITS ETF Dist,TRD1,IE00BKWD3C98,A2PVD0,XETR
Invesco US Treasury Bond 0-1 Year UCITS ETF EUR Hdg - Acc,T1EU,IE00BLCH1X54,A2P1FV,XETR
Invesco US Treasury Bond 1-3 Year UCITS ETF Dist,TRD3,IE00BF2FNG46,A2N7D1,XETR
Invesco US Treasury Bond 3-7 Year UCITS ETF Dist,TRD7,IE00BF2FNQ44,A2N8PA,XETR
Invesco US Treasury Bond 7-10 Year UCITS ETF - EUR Hdg Dist,TRDE,IE00BF2FN869,A2PELX,XETR
Invesco US Treasury Bond 7-10 Year UCITS ETF Dist,TRDX,IE00BF2FN646,A2N7D2,XETR
Invesco US Treasury Bond UCITS ETF Dist,TRDS,IE00BF2GFH28,A2N7D0,XETR
Invesco USD Corporate Bond UCITS ETF Dist,PUIG,IE00BF51K025,A2DX8R,XETR
iShares ATX UCITS ETF (DE),EXXX,DE000A0D8Q23,A0D8Q2,XETR
iShares BRIC 50 UCITS ETF USD (Dist),IQQ9,IE00B1W57M07,A0MR61,XETR
iShares China CNY Bond UCITS ETF USD (Dist),ICGB,IE00BYPC1H27,A14T8G,XETR
iShares China Large Cap UCITS ETF USD (Dist),IQQC,IE00B02KXK85,A0DK6Z,XETR
iShares Core DAX UCITS ETF (DE) EUR (Acc),EXS1,DE0005933931,593393,XETR
iShares Core DAX UCITS ETF (DE) EUR (Dist),EXIC,DE000A2QP331,A2QP33,XETR
iShares Core EUR Corp Bond UCITS ETF EUR (Dist),EUN5,IE00B3F81R35,A0RGEP,XETR
iShares Core EUR Govt Bond UCITS ETF EUR (Dist),EUNH,IE00B4WXJJ64,A0RL83,XETR
iShares Core EURO STOXX 50 UCITS ETF (DE),EXW1,DE0005933956,593395,XETR
iShares Core EURO STOXX 50 UCITS ETF EUR (Acc),SXRT,IE00B53L3W79,A0YEDJ,XETR
iShares Core EURO STOXX 50 UCITS ETF EUR (Dist),EUN2,IE0008471009,935927,XETR
iShares Core FTSE 100 UCITS ETF GBP (Acc),SXRW,IE00B53HP851,A0YEDM,XETR
iShares Core FTSE 100 UCITS ETF GBP (Dist),IUSZ,IE0005042456,552752,XETR
iShares Core Global Aggregate Bond UCITS ETF EUR Hedged (Acc),EUNA,IE00BDBRDM35,A2H6ZT,XETR
iShares Core Global Aggregate Bond UCITS ETF USD (Dist),EUNU,IE00B3F81409,A0RGEQ,XETR
iShares Core MSCI EM IMI UCITS ETF USD (Acc),IS3N,IE00BKM4GZ66,A111X9,XETR
iShares Core MSCI EM IMI UCITS ETF USD (Dist),IBC3,IE00BD45KH83,A2JDYF,XETR
iShares Core MSCI EMU UCITS ETF EUR (Acc),SXR7,IE00B53QG562,A0YEDX,XETR
iShares Core MSCI Europe UCITS ETF EUR (Acc),EUNK,IE00B4K48X80,A0RPWG,XETR
iShares Core MSCI Europe UCITS ETF EUR (Dist),IQQY,IE00B1YZSC51,A0MZWQ,XETR
iShares Core MSCI Japan IMI UCITS ETF USD (Acc),EUNN,IE00B4L5YX21,A0RPWL,XETR
iShares Core MSCI Pacific ex-Japan UCITS ETF USD (Acc),SXR1,IE00B52MJY50,A0YEDR,XETR
iShares Core MSCI World UCITS ETF,EUNL,IE00B4L5Y983,A0RPWH,XETR
iShares Core MSCI World UCITS ETF EUR Hedged (Dist),IWLE,IE00BKBF6H24,A2PKSQ,XETR
iShares Core S&P 500 UCITS ETF USD (Acc),SXR8,IE00B5BMR087,A0YEDG,XETR
iShares Core S&P 500 UCITS ETF USD (Dist),IUSA,IE0031442068,622391,XETR
iShares Diversified Commodity Swap UCITS ETF,SXRS,IE00BDFL4P12,A2DK6R,XETR
iShares Diversified Commodity Swap UCITS ETF (DE),EXXY,DE000A0H0728,A0H072,XETR
iShares Dow Jones China Offshore 50 UCITS ETF (DE),EXXU,DE000A0F5UE8,A0F5UE,XETR
iShares Dow Jones Eurozone Sustainability Screened UCITS ETF (DE),EXXV,DE000A0F5UG3,A0F5UG,XETR
iShares Dow Jones Global Sustainability Screened UCITS ETF USD (Acc),IUSL,IE00B57X3V84,A1H7ZT,XETR
iShares Dow Jones Global Titans 50 UCITS ETF (DE),EXI2,DE0006289382,628938,XETR
iShares Dow Jones Industrial Average UCITS ETF (DE),EXI3,DE0006289390,628939,XETR
iShares Dow Jones Industrial Average UCITS ETF USD (Acc),SXRU,IE00B53L4350,A0YEDK,XETR
iShares eb.rexx Government Germany 0-1yr UCITS ETF (DE) EUR (Dist),EXVM,DE000A0Q4RZ9,A0Q4RZ,XETR
iShares eb.rexx Government Germany 1.5-2.5yr UCITS ETF (DE) EUR (Dist),EXHB,DE0006289473,628947,XETR
iShares eb.rexx Government Germany 10.5+yr UCITS ETF (DE),EXX6,DE000A0D8Q31,A0D8Q3,XETR
iShares eb.rexx Government Germany 2.5-5.5yr UCITS ETF (DE),EXHC,DE0006289481,628948,XETR
iShares eb.rexx Government Germany 5.5-10.5yr UCITS ETF (DE),EXHD,DE0006289499,628949,XETR
iShares eb.rexx Government Germany UCITS ETF (DE),EXHA,DE0006289465,628946,XETR
iShares Emerging Asia Local Govt Bond UCITS ETF USD (Dist),IS0S,IE00B6QGFW01,A1JTNB,XETR
iShares EUR Aggregate Bond UCITS ETF EUR (Dist),EUN4,IE00B3DKXQ41,A0RGEN,XETR
iShares EUR Corp Bond 0-3yr ESG UCITS ETF,QDVL,IE00BYZTVV78,A142NU,XETR
iShares EUR Corp Bond 1-5yr UCITS ETF EUR (Dist),EUNT,IE00B4L60045,A0RPWQ,XETR
iShares EUR Corp Bond BBB-BB UCITS ETF EUR (Dist),IS06,IE00BSKRK281,A12HSP,XETR
iShares EUR Corp Bond ESG UCITS ETF EUR (Dist),OM3F,IE00BYZTVT56,A142NT,XETR
iShares EUR Corp Bond ex-Financials 1-5yr UCITS ETF EUR (Dist),EUNS,IE00B4L5ZY03,A0RPWP,XETR
iShares EUR Corp Bond ex-Financials UCITS ETF EUR (Dist),EUNR,IE00B4L5ZG21,A0RPWN,XETR
iShares EUR Corp Bond Interest Rate Hedged UCITS ETF EUR (Dist),IS0Y,IE00B6X2VY59,A1J5ST,XETR
iShares EUR Corp Bond Large Cap UCITS ETF EUR (Dist),IBCS,IE0032523478,778928,XETR
iShares EUR Covered Bond UCITS ETF EUR (Dist),IUS6,IE00B3B8Q275,A0Q41Y,XETR
iShares EUR Floating Rate Bond UCITS ETF EUR (Dist),EFRN,IE00BF5GB717,A2JBMD,XETR
iShares EUR Govt Bond 0-1yr UCITS ETF EUR (Dist),EUN6,IE00B3FH7618,A0RGEL,XETR
iShares EUR Govt Bond 1-3yr UCITS ETF EUR (Dist),IBCA,IE00B14X4Q57,A0J205,XETR
iShares EUR Govt Bond 10-15yr UCITS ETF EUR (Dist),EUN8,IE00B4WXJH41,A0RL82,XETR
iShares EUR Govt Bond 15-30yr UCITS ETF EUR (Dist),IBCL,IE00B1FZS913,A0LGP5,XETR
iShares EUR Govt Bond 20yr Target Duration UCITS ETF EUR (Dist),IS05,IE00BSKRJX20,A12HMZ,XETR
iShares EUR Govt Bond 3-5yr UCITS ETF EUR (Dist),IBCN,IE00B1FZS681,A0LGP6,XETR
iShares EUR Govt Bond 3-7yr UCITS ETF EUR (Acc),SXRP,IE00B3VTML14,A0X8SL,XETR
iShares EUR Govt Bond 5-7yr UCITS ETF EUR (Dist),EUN9,IE00B4WXJG34,A0RL81,XETR
iShares EUR Govt Bond 7-10yr UCITS ETF EUR (Acc),SXRQ,IE00B3VTN290,A0X8SM,XETR
iShares EUR Govt Bond 7-10yr UCITS ETF EUR (Dist),IBCM,IE00B1FZS806,A0LGQA,XETR
iShares EUR Govt Bond Climate UCITS ETF EUR (Acc),SECA,IE00BLDGH553,A2P2A7,XETR
iShares EUR Govt Bond Climate UCITS ETF EUR (Dist),SECD,IE00BLDGH447,A2P2A6,XETR
iShares EUR Green Bond UCITS ETF EUR (Dist),GRON,IE00BMDBMN04,A2QFXF,XETR
iShares EUR High Yield Corp Bond ESG UCITS ETF EUR (Acc),AYE2,IE00BJK55C48,A2PNZM,XETR
iShares EUR High Yield Corp Bond UCITS ETF,EUNW,IE00B66F4759,A1C3NE,XETR
iShares EUR Inflation Linked Govt Bond UCITS ETF EUR (Acc),IBCI,IE00B0M62X26,A0HGV1,XETR
iShares EUR Ultrashort Bond ESG UCITS ETF EUR (Dist),EUED,IE00BJP26D89,A2PW6Q,XETR
iShares EUR Ultrashort Bond UCITS ETF EUR (Dist),IS3M,IE00BCRY6557,A1W375,XETR
iShares Euro Government Bond Capped 1.5-10.5yr UCITS ETF (DE),EXHF,DE000A0H0785,A0H078,XETR
iShares EURO STOXX Mid UCITS ETF EUR (Dist),IQQM,IE00B02KXL92,A0DK6Y,XETR
iShares EURO STOXX Small UCITS ETF EUR (Dist),IQQS,IE00B02KXM00,A0DK61,XETR
iShares EURO STOXX UCITS ETF (DE),EXSI,DE000A0D8Q07,A0D8Q0,XETR
iShares FTSE MIB UCITS ETF EUR (Acc),SXRY,IE00B53L4X51,A0YEDP,XETR
iShares Germany Govt Bond UCITS ETF EUR (Dist),IS0L,IE00B5V94313,A1JXZG,XETR
iShares Global AAA-AA Govt Bond UCITS ETF USD (Dist),IS0Z,IE00B87G8S03,A1J40N,XETR
iShares Global Corp Bond EUR Hedged UCITS ETF (Dist),IBCQ,IE00B9M6SJ31,A1W02Q,XETR
iShares Global Corp Bond UCITS ETF EUR Hedged (Dist),36B7,IE00BJSFQW37,A2PGVV,XETR
iShares Global Corp Bond UCITS ETF USD (Dist),IS0X,IE00B7J7TB45,A1J0YD,XETR
iShares Global Govt Bond UCITS ETF USD (Dist),EUN3,IE00B3F81K65,A0RGEM,XETR
iShares Global High Yield Corp Bond UCITS ETF EUR Hedged (Dist),HYLE,IE00BJSFR200,A2PGVW,XETR
iShares Global High Yield Corp Bond UCITS ETF USD (Dist),IBC9,IE00B74DQ490,A1J7MG,XETR
iShares Global Inflation Linked Govt Bond UCITS ETF EUR Hedged (Acc),IS3V,IE00BKPT2S34,A2P1KU,XETR
iShares Global Inflation Linked Govt Bond UCITS ETF USD (Acc),IUS5,IE00B3B8PX14,A0Q41X,XETR
iShares Global Timber & Forestry UCITS ETF USD (Dist) ,IUSB,IE00B27YCF74,A0M59G,XETR
iShares Italy Govt Bond UCITS ETF EUR (Dist),IS0M,IE00B7LW6Y90,A1JXZH,XETR
iShares J.P. Morgan EM Local Govt Bond UCITS ETF USD (Dist),IUSP,IE00B5M4WH52,A1JADV,XETR
iShares J.P. Morgan ESG USD EM Bond UCITS ETF EUR Hedged (Acc),SLMG,IE00BKP5L730,A2PTCF,XETR
iShares J.P. Morgan ESG USD EM Bond UCITS ETF USD (Dist),36B1,IE00BDDRDW15,A2JQ2J,XETR
iShares J.P. Morgan EUR EM Bond UCITS ETF EUR (Dist),EB3M,IE00B6TQLL84,A1JTNA,XETR
iShares J.P. Morgan USD EM Bond EUR Hedged UCITS ETF (Dist),IS3C,IE00B9M6RS56,A1W0MQ,XETR
iShares J.P. Morgan USD EM Bond UCITS ETF EUR Hedged (Acc),3SUD,IE00BJ5JPH63,A2PGVX,XETR
iShares J.P. Morgan USD EM Bond UCITS ETF USD (Acc),IS02,IE00BYXYYK40,A2DN9U,XETR
iShares J.P. Morgan USD EM Bond UCITS ETF USD (Dist),IUS7,IE00B2NPKV68,A0NECU,XETR
iShares J.P. Morgan USD EM Corp Bond UCITS ETF EUR Hedged (Acc),SNAZ,IE00BKT1CS59,A2P0CC,XETR
iShares J.P. Morgan USD EM Corp Bond UCITS ETF USD (Dist),IS0Q,IE00B6TLBW47,A1JWS3,XETR
iShares MDAX UCITS ETF (DE) EUR (Acc),EXS3,DE0005933923,593392,XETR
iShares MDAX UCITS ETF (DE) EUR (Dist),EXID,DE000A2QP349,A2QP34,XETR
iShares MSCI AC Far East ex-Japan UCITS ETF USD (Dist),IQQF,IE00B0M63730,A0HGV9,XETR
iShares MSCI ACWI UCITS ETF USD (Acc),IUSQ,IE00B6R52259,A1JMDF,XETR
iShares MSCI Australia UCITS ETF USD (Acc),IBC6,IE00B5377D42,A0YJ80,XETR
iShares MSCI Brazil UCITS ETF (DE) (Acc),4BRZ,DE000A0Q4R85,A0Q4R8,XETR
iShares MSCI Brazil UCITS ETF USD (Dist),IQQB,IE00B0M63516,A0HGWA,XETR
iShares MSCI Canada UCITS ETF USD (Acc),SXR2,IE00B52SF786,A0YEDS,XETR
iShares MSCI China A UCITS ETF USD (Acc),36BZ,IE00BQT3WG13,A12DPT,XETR
iShares MSCI China UCITS ETF USD (Acc),ICGA,IE00BJ5JPG56,A2PGQN,XETR
iShares MSCI Eastern Europe Capped UCITS ETF USD (Dist),IQQR,IE00B0M63953,A0HGWB,XETR
iShares MSCI EM Asia UCITS ETF USD (Acc),CEBL,IE00B5L8K969,A1C1H5,XETR
iShares MSCI EM ESG Enhanced UCITS ETF USD (Acc),EDM2,IE00BHZPJ239,A2PCB0,XETR
iShares MSCI EM IMI ESG Screened UCITS ETF USD (Acc),AYEM,IE00BFNM3P36,A2N6TH,XETR
iShares MSCI EM IMI ESG Screened UCITS ETF USD (Dist),OM3Y,IE00BFNM3N12,A2N6TJ,XETR
iShares MSCI EM Latin America UCITS ETF USD (Dist),IUSC,IE00B27YCK28,A0NA45,XETR
iShares MSCI EM Small Cap UCITS ETF USD (Dist),EUNI,IE00B3F81G20,A0RGER,XETR
iShares MSCI EM SRI UCITS ETF USD (Acc),QDVS,IE00BYVJRP78,A2AFCZ,XETR
iShares MSCI EM SRI UCITS ETF USD (Dist),36B5,IE00BGDQ0T50,A2N9LJ,XETR
iShares MSCI EM UCITS ETF USD (Acc),EUNM,IE00B4L5YC18,A0RPWJ,XETR
iShares MSCI Emerging Markets UCITS ETF (Dist),IQQE,IE00B0M63177,A0HGWC,XETR
iShares MSCI EMU ESG Enhanced UCITS ETF EUR (Acc),EDM4,IE00BHZPJ015,A2PCB1,XETR
iShares MSCI EMU ESG Enhanced UCITS ETF EUR (Dist),EMNE,IE00BHZPHZ28,A2PDNS,XETR
iShares MSCI EMU ESG Screened UCITS ETF EUR (Acc),SLMA,IE00BFNM3B99,A2N48B,XETR
iShares MSCI EMU ESG Screened UCITS ETF EUR (Dist),SLMB,IE00BFNM3C07,A2N48C,XETR
iShares MSCI EMU Large Cap UCITS ETF EUR (Acc),IS3G,IE00BCLWRF22,A1W37Z,XETR
iShares MSCI EMU Mid Cap UCITS ETF EUR (Acc),IS3H,IE00BCLWRD08,A1W370,XETR
iShares MSCI EMU Small Cap UCITS ETF EUR (Acc),SXRJ,IE00B3VWMM18,A0X8SE,XETR
iShares MSCI EMU USD Hedged UCITS ETF (Acc),CEBP,IE00BWZN1T31,A14SMA,XETR
iShares MSCI Europe ESG Enhanced UCITS ETF EUR (Acc),EDM6,IE00BHZPJ783,A2PCB5,XETR
iShares MSCI Europe ESG Enhanced UCITS ETF EUR (Dist),EMNU,IE00BHZPJ676,A2PDNW,XETR
iShares MSCI Europe ESG Screened UCITS ETF EUR (Acc),SLMC,IE00BFNM3D14,A2N48D,XETR
iShares MSCI Europe ESG Screened UCITS ETF EUR (Dist),SLMD,IE00BFNM3F38,A2N48E,XETR
iShares MSCI Europe ex-UK UCITS ETF EUR (Dist),IQQU,IE00B14X4N27,A0J204,XETR
iShares MSCI Europe SRI UCITS ETF EUR (Acc),IUSK,IE00B52VJ196,A1H7ZS,XETR
iShares MSCI Europe SRI UCITS ETF EUR (Dist),36B3,IE00BGDPWW94,A2N9LL,XETR
iShares MSCI France UCITS ETF EUR (Acc),IS3U,IE00BP3QZJ36,A12ATD,XETR
iShares MSCI India UCITS ETF USD (Acc),QDV5,IE00BZCQB185,A2AFCY,XETR
iShares MSCI Japan ESG Enhanced UCITS ETF USD (Acc),EDMJ,IE00BHZPJ452,A2PCB2,XETR
iShares MSCI Japan ESG Enhanced UCITS ETF USD (Dist),EMNJ,IE00BHZPJ346,A2PDNT,XETR
iShares MSCI Japan ESG Screened UCITS ETF USD (Acc),SGAJ,IE00BFNM3L97,A2N6TF,XETR
iShares MSCI Japan ESG Screened UCITS ETF USD (Dist),SODJ,IE00BFNM3M05,A2N6TG,XETR
iShares MSCI Japan EUR Hedged UCITS ETF (Acc),IBCG,IE00B42Z5J44,A1C5E6,XETR
iShares MSCI Japan Small Cap UCITS ETF USD (Dist),IUS4,IE00B2QWDY88,A0Q1YX,XETR
iShares MSCI Japan SRI EUR Hedged UCITS ETF (Acc),QDVN,IE00BYVJRQ85,A2AFC1,XETR
iShares MSCI Japan SRI UCITS ETF,SXR6,IE00BYX8XC17,A2AUE9,XETR
iShares MSCI Japan SRI UCITS ETF USD (Dist),36B4,IE00BGDQ0V72,A2N9LK,XETR
iShares MSCI Japan UCITS ETF USD (Acc),SXR5,IE00B53QDK08,A0YEDV,XETR
iShares MSCI Japan UCITS ETF USD (Dist),IQQJ,IE00B02KXH56,A0DK60,XETR
iShares MSCI Korea UCITS ETF USD (Dist),IQQK,IE00B0M63391,A0HGWD,XETR
iShares MSCI Mexico Capped UCITS ETF USD (Acc),CEBG,IE00B5WHFQ43,A1C1H0,XETR
iShares MSCI North America UCITS ETF USD (Dist),IQQN,IE00B14X4M10,A0J201,XETR
iShares MSCI Pacific ex-Japan UCITS ETF USD (Dist),EUNJ,IE00B4WXJD03,A0RL8Z,XETR
iShares MSCI Poland UCITS ETF USD (Acc),IBCJ,IE00B4M7GH52,A1H5UP,XETR
iShares MSCI Russia ADR/GDR UCITS ETF USD (Acc),CEBB,IE00B5V87390,A1C1HV,XETR
iShares MSCI Saudi Arabia Capped UCITS ETF USD (Acc),IUSS,IE00BYYR0489,A14ZV2,XETR
iShares MSCI Saudi Arabia Capped UCITS ETF USD (Dist),IUSW,IE00BJ5JPJ87,A2PGTG,XETR
iShares MSCI South Africa UCITS ETF USD (Acc),IBC4,IE00B52XQP83,A0YJ8Y,XETR
iShares MSCI Taiwan UCITS ETF USD (Dist),IQQT,IE00B0M63623,A0HGWE,XETR
iShares MSCI Turkey UCITS ETF USD (Dist),IQQ5,IE00B1FZS574,A0LEW5,XETR
iShares MSCI UK Small Cap UCITS ETF GBP (Acc),SXRD,IE00B3VWLG82,A0X8R9,XETR
iShares MSCI UK UCITS ETF GBP (Acc),SXR3,IE00B539F030,A0YEDT,XETR
iShares MSCI USA ESG Enhanced UCITS ETF USD (Acc),EDMU,IE00BHZPJ908,A2PCB3,XETR
iShares MSCI USA ESG Enhanced UCITS ETF USD (Dist),OM3L,IE00BHZPJ890,A2PDNU,XETR
iShares MSCI USA ESG Screened UCITS ETF USD (Acc),SGAS,IE00BFNM3G45,A2N6TB,XETR
iShares MSCI USA ESG Screened UCITS ETF USD (Dist),SLUS,IE00BFNM3H51,A2N6TC,XETR
iShares MSCI USA Small Cap UCITS ETF USD (Acc),SXRG,IE00B3VWM098,A0X8SB,XETR
iShares MSCI USA SRI UCITS ETF EUR Hedged (Dist),3SUR,IE00BZ173V67,A2JN2K,XETR
iShares MSCI USA SRI UCITS ETF USD (Acc),QDVR,IE00BYVJRR92,A2AFC0,XETR
iShares MSCI USA SRI UCITS ETF USD (Dist),36B6,IE00BZ173T46,A2N9LH,XETR
iShares MSCI USA UCITS ETF USD (Acc),SXR4,IE00B52SFT06,A0YEDU,XETR
iShares MSCI World ESG Enhanced UCITS ETF USD (Acc),EDMW,IE00BHZPJ569,A2PCB4,XETR
iShares MSCI World ESG Enhanced UCITS ETF USD (Dist),EMND,IE00BG11HV38,A2PDNV,XETR
iShares MSCI World ESG Screened UCITS ETF USD (Acc),SNAW,IE00BFNM3J75,A2N6TD,XETR
iShares MSCI World ESG Screened UCITS ETF USD (Dist),S6DW,IE00BFNM3K80,A2N6TE,XETR
iShares MSCI World EUR Hedged UCITS ETF (Acc),IBCH,IE00B441G979,A1C5E7,XETR
iShares MSCI World Small Cap UCITS ETF USD (Acc),IUSN,IE00BF4RFH31,A2DWBY,XETR
iShares MSCI World SRI UCITS ETF EUR (Acc),2B7K,IE00BYX2JD69,A2DVB9,XETR
iShares MSCI World SRI UCITS ETF EUR Hedged (Dist),UEEA,IE00BMZ17W23,A2QDP2,XETR
iShares MSCI World SRI UCITS ETF USD (Dist),2B7J,IE00BDZZTM54,A2DX7X,XETR
iShares MSCI World UCITS ETF USD (Dist),IQQW,IE00B0M62Q58,A0HGV0,XETR
iShares Nasdaq-100 UCITS ETF (DE),EXXT,DE000A0F5UF5,A0F5UF,XETR
iShares Nasdaq-100 UCITS ETF EUR Hedged (Acc),NQSE,IE00BYVQ9F29,A2N34W,XETR
iShares Nasdaq-100 UCITS ETF USD (Acc),SXRV,IE00B53SZB19,A0YEDL,XETR
iShares Nikkei 225 UCITS ETF (DE),EXX7,DE000A0H08D2,A0H08D,XETR
iShares Nikkei 225 UCITS ETF JPY (Acc),SXRZ,IE00B52MJD48,A0YEDQ,XETR
iShares OMX Stockholm Capped UCITS ETF,OM3X,IE00BD3RYZ16,A2ARPW,XETR
iShares Pfandbriefe UCITS ETF (DE),EXHE,DE0002635265,263526,XETR
iShares S&P 500 EUR Hedged UCITS ETF (Acc),IBCF,IE00B3ZW0K18,A1C5E9,XETR
iShares S&P 500 Swap UCITS ETF USD (Acc),I500,IE00BMTX1Y45,A2QAJB,XETR
iShares S&P SmallCap 600 UCITS ETF USD (Dist),IUS3,IE00B2QWCY14,A0Q1YY,XETR
iShares SLI UCITS ETF (DE),EXI1,DE0005933964,593396,XETR
iShares Spain Govt Bond UCITS ETF EUR (Dist),IS0P,IE00B428Z604,A1JXZK,XETR
iShares STOXX Europe 50 UCITS ETF (DE),EXW3,DE0005933949,593394,XETR
iShares STOXX Europe 50 UCITS ETF EUR (Dist),EUN1,IE0008470928,935926,XETR
iShares STOXX Europe 600 UCITS ETF (DE),EXSA,DE0002635307,263530,XETR
iShares STOXX Europe Large 200 UCITS ETF (DE),EXSC,DE0005933980,593398,XETR
iShares STOXX Europe Mid 200 UCITS ETF (DE),EXSD,DE0005933998,593399,XETR
iShares STOXX Europe Small 200 UCITS ETF (DE),EXSE,DE000A0D8QZ7,A0D8QZ,XETR
iShares TecDAX UCITS ETF (DE) EUR (Acc),EXS2,DE0005933972,593397,XETR
iShares TecDAX UCITS ETF (DE) EUR (Dist),EXIB,DE000A2QP323,A2QP32,XETR
iShares US Aggregate Bond UCITS ETF USD (Dist),EUNX,IE00B44CGS96,A1JKDK,XETR
iShares US Mortgage Backed Securities UCITS ETF USD (Dist),QDVP,IE00BZ6V7883,A2AGYT,XETR
iShares USD Corp Bond 0-3yr ESG UCITS ETF EUR Hedged (Acc),IU0E,IE00BG5QQ390,A2N9ZM,XETR
iShares USD Corp Bond 0-3yr ESG UCITS ETF USD (Dist),SNAV,IE00BZ048579,A2DS7Y,XETR
iShares USD Corp Bond ESG UCITS ETF EUR Hedged (Dist),36BA,IE00BH4G7D40,A2PSB1,XETR
iShares USD Corp Bond ESG UCITS ETF USD (Acc),5UOA,IE00BKKKWJ26,A2PY8F,XETR
iShares USD Corp Bond ESG UCITS ETF USD (Dist),36BE,IE00BK4W7N32,A2PSEQ,XETR
iShares USD Corp Bond Interest Rate Hedged UCITS ETF USD (Dist),IS3F,IE00BCLWRB83,A1W37Y,XETR
iShares USD Corp Bond UCITS ETF USD (Dist),IBCD,IE0032895942,911950,XETR
iShares USD Floating Rate Bond UCITS ETF EUR Hedged (Dist),SXRR,IE00BF11F458,A2DUC4,XETR
iShares USD Floating Rate Bond UCITS ETF USD (Dist),QDVY,IE00BZ048462,A2DS7X,XETR
iShares USD High Yield Corp Bond ESG UCITS ETF EUR Hedged (Acc),UEEF,IE00BMDFDY08,A2QA0U,XETR
iShares USD High Yield Corp Bond UCITS ETF EUR Hedged (Dist),IBC2,IE00BF3N7102,A2DUCX,XETR
iShares USD High Yield Corp Bond UCITS ETF USD (Dist),IS0R,IE00B4PY7Y77,A1H5UN,XETR
iShares USD Intermediate Credit Bond UCITS ETF,SXRF,IE00BDQZ5152,A2DKPP,XETR
iShares USD Short Duration Corp Bond UCITS ETF USD (Dist),IS3J,IE00BCRY5Y77,A1W372,XETR
iShares USD Short Duration High Yield Corp Bond UCITS ETF USD (Dist),IS3K,IE00BCRY6003,A1W373,XETR
iShares USD TIPS 0-5 UCITS ETF,SXRH,IE00BDQYWQ65,A2DKPQ,XETR
iShares USD TIPS UCITS ETF EUR Hedged (Acc),IBC5,IE00BDZVH966,A2JDYH,XETR
iShares USD TIPS UCITS ETF USD (Acc),IUST,IE00B1FZSC47,A0LGP8,XETR
iShares USD Treasury Bond 0-1yr UCITS ETF USD (Dist),IBCC,IE00BGR7L912,A2PBNQ,XETR
iShares USD Treasury Bond 1-3yr UCITS ETF EUR Hedged (Acc),2B7S,IE00BDFK1573,A2JE39,XETR
iShares USD Treasury Bond 1-3yr UCITS ETF USD (Dist),IUSU,IE00B14X4S71,A0J202,XETR
iShares USD Treasury Bond 20+yr UCITS ETF EUR Hedged (Dist),IUSV,IE00BD8PGZ49,A2DXN8,XETR
iShares USD Treasury Bond 20+yr UCITS ETF USD (Dist),IS04,IE00BSKRJZ44,A12HL9,XETR
iShares USD Treasury Bond 3-7yr UCITS ETF EUR Hedged (Dist),CBUE,IE00BGPP6473,A2PDTT,XETR
iShares USD Treasury Bond 3-7yr UCITS ETF USD (Acc),SXRL,IE00B3VWN393,A0X8SH,XETR
iShares USD Treasury Bond 3-7yr UCITS ETF USD (Dist),OM3M,IE00BFXYHY63,A2JKT2,XETR
iShares USD Treasury Bond 7-10yr UCITS ETF EUR Hedged (Dist),IBB1,IE00BGPP6697,A2PDTS,XETR
iShares USD Treasury Bond 7-10yr UCITS ETF USD (Acc),SXRM,IE00B3VWN518,A0X8SJ,XETR
iShares USD Treasury Bond 7-10yr UCITS ETF USD (Dist),IUSM,IE00B1FZS798,A0LGP4,XETR
iShares USD Treasury Bond UCITS ETF USD (Dist),SNA2,IE00BK95B138,A2PNJP,XETR
iShares USD Ultrashort Bond UCITS ETF USD (Dist),IS3L,IE00BCRY6227,A1W374,XETR
JPM BetaBuilders EUR Govt Bond 1-3 yr UCITS ETF - EUR (acc),JE13,IE00BYVZV757,A2H9US,XETR
JPM BetaBuilders EUR Govt Bond UCITS ETF,BBEG,IE00BJK9HD13,A2PD1S,XETR
JPM BetaBuilders US Equity UCITS ETF,BBUD,IE00BJK9H860,A2PEJX,XETR
JPM BetaBuilders US Equity UCITS ETF      ,BBUS,IE00BJK9H753,A2PEJW,XETR
JPM BetaBuilders US Treasury Bond 0-1yr UCITS ETF - USD (acc),BBLL,IE00BJK3WF00,A2PK49,XETR
JPM BetaBuilders US Treasury Bond 1-3 yr UCITS ETF - USD (acc),JA13,IE00BD9MMD49,A2JG3B,XETR
JPM BetaBuilders US Treasury Bond UCITS ETF      ,BBTR,IE00BJK9HH50,A2PD1R,XETR
JPM Carbon Transition Global Equity UCITS ETF - USD (acc),JPCT,IE00BMDWYZ92,A2P4WJ,XETR
JPM USD Emerging Markets Sovereign Bond UCITS ETF,JPBM,IE00BDFC6G93,A2JBL7,XETR
JPM USD Emerging Markets Sovereign Bond UCITS ETF - EUR Hedged (acc),JMBE,IE00BDDRDY39,A2JQ3G,XETR
JPM USD Emerging Markets Sovereign Bond UCITS ETF - USD (acc),JMBA,IE00BJ06C937,A2PUSX,XETR
L&G All Commodities UCITS ETF,ETLF,IE00BF0BCP69,A2DQ7M,XETR
L&G Asia Pacific ex Japan Equity UCITS ETF,ETLK,IE00BFXR5W90,A2N4PT,XETR
L&G E Fund MSCI China A UCITS ETF,CASH,IE00BHBFDF83,A1XBTG,XETR
L&G ESG China Bond CNY UCITS ETF,DRGN,IE00BLRPQL76,A2QFVU,XETR
L&G ESG Emerging Markets Corporate Bond (USD) UCITS ETF,EMAB,IE00BLRPRF81,A2QFP0,XETR
L&G ESG Emerging Markets Government Bond (USD) 0-5 Year UCITS ETF,EMA5,IE00BLRPQP15,A2QFQ5,XETR
L&G ESG Green Bond UCITS ETF - Dist,GBNB,IE00BMYDMD58,A2QMAM,XETR
L&G ESG USD Corporate Bond UCITS ETF,USAB,IE00BLRPRD67,A2QFQ4,XETR
L&G Europe Equity (Responsible Exclusions) UCITS ETF - Acc,DELF,IE00BKLTRN76,A2PRHB,XETR
L&G Europe ex UK Equity UCITS ETF,ETLN,IE00BFXR5V83,A2N4PS,XETR
L&G Global Equity UCITS ETF,ETLQ,IE00BFXR5S54,A2N4PQ,XETR
L&G Japan Equity UCITS ETF,ETLR,IE00BFXR5T61,A2N4PR,XETR
L&G Longer Dated All Commodities ex-Agriculture and Livestock  UCITS ETF,ETLE,IE00BYQJ1388,A2DQ7N,XETR
L&G Longer Dated All Commodities UCITS ETF,ETL2,IE00B4WPHX27,A1CXBU,XETR
L&G US Equity (Responsible Exclusions) UCITS ETF - Acc,DELG,IE00BKLWY790,A2PVZ0,XETR
L&G US Equity UCITS ETF,ETLS,IE00BFXR5Q31,A2N4RG,XETR
Lyxor 1 DAX 50 ESG (DR) UCITS ETF,E909,DE000ETF9090,ETF909,XETR
Lyxor 1 EURO STOXX 50 UCITS ETF (I),E950,DE000ETF9504,ETF950,XETR
Lyxor 1 MDAX UCITS ETF (I),E907,DE000ETF9074,ETF907,XETR
Lyxor 1 SDAX UCITS ETF (I),E905,DE000ETF9058,ETF905,XETR
Lyxor 1 STOXX Europe 600 UCITS ETF,E960,DE000ETF9603,ETF960,XETR
Lyxor 1 TecDAX UCITS ETF (I),E908,DE000ETF9082,ETF908,XETR
Lyxor Australia (S&P/ASX 200) UCITS ETF - Dist,LYPU,LU0496786905,LYX0FU,XETR
Lyxor Barclays Floating Rate Euro 0-7Y UCITS ETF - Acc,NK4L,LU1829218319,LYX0Z0,XETR
Lyxor China Enterprise (HSCEI) UCITS ETF - Acc,LCHI,LU1900068914,LYX011,XETR
Lyxor Commodities Thomson Reuters/CoreCommodity CRB EX-Energy TR UCITS ETF - Acc,LCTR,LU1829218582,LYX0Z1,XETR
Lyxor Commodities Thomson Reuters/CoreCommodity CRB TR UCITS ETF - Acc,LYTR,LU1829218749,LYX0Z2,XETR
Lyxor Core DAX (DR) UCITS ETF,C001,LU0378438732,ETF001,XETR
Lyxor Core Euro Government Inflation-Linked Bond (DR) UCITS ETF - Acc,LYQ7,LU1650491282,LYX0XL,XETR
Lyxor Core Euro Government Inflation-Linked Bond (DR) UCITS ETF - Dist,E15H,LU1650491795,LYX042,XETR
Lyxor Core EURO STOXX 300 (DR) - UCITS ETF Acc,LGQG,LU0908501058,LYX0Q1,XETR
Lyxor Core EURO STOXX 50 (DR) - UCITS ETF,MTDB,LU0908501488,LYX049,XETR
Lyxor Core EURO STOXX 50 (DR) UCITS ETF Acc,MSED,LU0908501215,LYX0Q2,XETR
Lyxor Core Morningstar UK NT (DR) UCITS ETF,LCUK,LU1781541096,LYX0YA,XETR
Lyxor Core Morningstar US Equity (DR) UCITS ETF,LCUS,LU1781540957,LYX0YB,XETR
Lyxor Core MSCI EMU (DR) UCITS ETF - Dist,LMVF,LU1646360971,LYX0XB,XETR
Lyxor Core MSCI Japan (DR) UCITS ETF,LCUJ,LU1781541252,LYX0YC,XETR
Lyxor Core MSCI Japan (DR) UCITS ETF - Daily Hedged to EUR - Dist,JNHD,LU2133056387,LYX03F,XETR
Lyxor Core MSCI Japan (DR) UCITS ETF - Dist,NADA,LU2090063673,LYX05A,XETR
Lyxor Core MSCI World (DR) UCITS ETF,LCUW,LU1781541179,LYX0YD,XETR
Lyxor Core STOXX Europe 600 (DR) - UCITS ETF Acc,LYP6,LU0908500753,LYX0Q0,XETR
Lyxor Core STOXX Europe 600 (DR) - UCITS ETF Monthly Hedged to EUR - Dist,STXH,LU1574142243,LYX0WH,XETR
Lyxor Core US TIPS (DR) UCITS ETF - Dist,TIUP,LU1452600270,LYX0VY,XETR
Lyxor Daily LevDAX UCITS ETF,LVDX,LU2090062600,LYX04V,XETR
Lyxor DAX (DR) UCITS ETF - Acc,LYY7,LU0252633754,LYX0AC,XETR
Lyxor DAX (DR) UCITS ETF - Dist,LDAX,LU2090062436,LYX04A,XETR
Lyxor DJ Switzerland Titans 30 (DR) UCITS ETF,C030,LU0392496427,ETF030,XETR
Lyxor Dow Jones Industrial Average (LUX) UCITS ETF,C010,LU0378437502,ETF010,XETR
Lyxor Dow Jones Industrial Average UCITS ETF - Dist,DJAM,FR0007056841,541779,XETR
Lyxor ESG Euro Corporate Bond (DR) UCITS ETF - Acc,LYEB,LU1829219127,LYX0Z4,XETR
Lyxor ESG Euro Corporate Bond Ex Financials (DR) UCITS ETF - Acc,LYBF,LU1829218822,LYX0Z3,XETR
Lyxor ESG Euro High Yield (DR) UCITS ETF,LYQY,LU1812090543,LYX0YX,XETR
Lyxor EUR 2-10Y Inflation Expectations UCITS ETF - Acc,EUIN,LU1390062245,LYX0U6,XETR
Lyxor Euro Government Bond (DR) UCITS ETF - Acc,LYQ1,LU1650490474,LYX0XK,XETR
Lyxor Euro Government Bond 1-3Y (DR) UCITS ETF - Acc,LYQ2,LU1650487413,LYX0XH,XETR
Lyxor Euro Government Bond 1-3Y (DR) UCITS ETF - Dist,EGV3,LU1650487926,LYX04X,XETR
Lyxor Euro Government Bond 10-15Y (DR) UCITS ETF - Acc,LYQ6,LU1650489385,LYX0XF,XETR
Lyxor Euro Government Bond 10-15Y (DR) UCITS ETF - Dist,NADB,LU1650489898,LYX04W,XETR
Lyxor Euro Government Bond 15+Y (DR) UCITS ETF - Acc,LYXF,LU1287023268,LYX0VF,XETR
Lyxor Euro Government Bond 15+Y (DR) UCITS ETF - Dist,E15G,LU2090062782,LYX04Y,XETR
Lyxor Euro Government Bond 25+Y (DR) UCITS ETF - Dist,DFOB,LU1686832277,LYX048,XETR
Lyxor Euro Government Bond 3-5Y (DR) UCITS ETF - Acc,LYQ3,LU1650488494,LYX0XJ,XETR
Lyxor Euro Government Bond 3-5Y (DR) UCITS ETF - Dist,EGV5,LU1650488817,LYX04Z,XETR
Lyxor Euro Government Bond 5-7Y (DR) UCITS ETF - Acc,LYXC,LU1287023003,LYX0VG,XETR
Lyxor Euro Government Bond 5-7Y (DR) UCITS ETF - Dist,EGV7,LU2090062865,LYX040,XETR
Lyxor Euro Government Bond 7-10Y (DR) UCITS ETF - Acc,LYXD,LU1287023185,LYX0VH,XETR
Lyxor Euro Government Bond 7-10Y (DR) UCITS ETF - Dist,MTDD,LU2090062949,LYX041,XETR
Lyxor Euro Overnight Return UCITS ETF - Acc,L8I3,FR0010510800,LYX0B6,XETR
Lyxor EURO STOXX 50 (DR) UCITS ETF - Acc,LYSX,FR0007054358,798328,XETR
Lyxor EuroMTS Covered Bond Aggregate UCITS ETF - Dist,LCVB,LU1686830065,LYX0YZ,XETR
Lyxor F.A.Z. 100 Index (DR) UCITS ETF,C006,LU0650624025,ETF006,XETR
Lyxor Fed Funds US Dollar Cash UCITS ETF-Dist,C101,LU2090062352,LYX038,XETR
Lyxor FTSE 100 UCITS ETF,D100,LU1650492256,LYX03E,XETR
Lyxor FTSE China A50 UCITS ETF,C024,LU0947415054,ETF024,XETR
Lyxor German Mid-Cap MDAX UCITS ETF - Dist,MD4X,FR0011857234,LYX0R1,XETR
Lyxor Global Gender Equality (DR) UCITS ETF - Acc,VOOM,LU1691909508,LYX0XS,XETR
Lyxor Green Bond (DR) UCITS ETF - Acc,KLMT,LU1563454310,LYX0WA,XETR
Lyxor Green Bond (DR) UCITS ETF - Monthly Hedged to EUR - Acc,KLMH,LU1563454823,LYX0WQ,XETR
Lyxor Green Bond ESG Screened (DR) UCITS ETF - Acc,XCO2,LU1981859819,LYX0X6,XETR
Lyxor Hong Kong (HSI) UCITS ETF - Dist,LHKG,LU1900067940,LYX013,XETR
Lyxor Hwabao WP MSCI China A (DR) UCITS ETF - Acc,CNAA,FR0011720911,LYX0SL,XETR
Lyxor iBoxx EUR Liquid Sovereigns Diversified Overall UCITS ETF,X500,LU0444605645,ETF500,XETR
Lyxor iBoxx USD Liquid Emerging Markets Sovereign UCITS ETF - Dist,LYQS,LU1686830909,LYX0Y5,XETR
Lyxor Japan (TOPIX) (DR) UCITS ETF - Daily Hedged to EUR - Dist,JPNH,FR0011475078,LYX0NY,XETR
Lyxor Japan (TOPIX) (DR) UCITS ETF - Dist EUR,LYY4,FR0010245514,A0ESMK,XETR
Lyxor JPX-Nikkei 400 (DR) UCITS ETF - Daily Hedged to EUR - Dist,JPNE,LU1646360542,LYX00T,XETR
Lyxor MDAX (DR) UCITS ETF,C007,LU1033693638,ETF007,XETR
Lyxor MSCI AC Asia Ex Japan UCITS ETF - Acc,LASI,LU1900068161,LYX014,XETR
Lyxor MSCI AC Asia Pacific Ex Japan UCITS ETF - Acc,LASP,LU1900068328,LYX015,XETR
Lyxor MSCI All Country World UCITS ETF - Acc (EUR),LYY0,LU1829220216,LYX00C,XETR
Lyxor MSCI Brazil UCITS ETF - Acc,LBRA,LU1900066207,LYX02B,XETR
Lyxor MSCI China UCITS ETF – Acc      ,L4K3,LU1841731745,LYX0YW,XETR
Lyxor MSCI Eastern Europe ex Russia UCITS ETF - Acc,LEER,LU1900066462,LYX02C,XETR
Lyxor MSCI EM ESG Trend Leaders UCITS ETF - Acc,LESG,LU1769088581,LYX0YG,XETR
Lyxor MSCI EM Latin America UCITS ETF - Acc,LLAM,LU1900066629,LYX02D,XETR
Lyxor MSCI Emerging Markets (LUX) UCITS ETF,E127,LU0635178014,ETF127,XETR
Lyxor MSCI Emerging Markets Asia UCITS ETF - Acc,LCUA,LU1781541849,LYX0YF,XETR
Lyxor MSCI Emerging Markets Ex China UCITS ETF - Acc,EMXC,LU2009202107,LYX99G,XETR
Lyxor MSCI Emerging Markets UCITS ETF - Acc (EUR),LYM7,FR0010429068,LYX0BX,XETR
Lyxor MSCI EMU ESG Trend Leaders (DR) UCITS ETF - Acc,LESE,LU1792117340,LYX0YJ,XETR
Lyxor MSCI EMU Small Cap (DR) UCITS ETF - Dist,LGWU,LU1598689153,LYX0W3,XETR
Lyxor MSCI Europe (DR) UCITS ETF - Acc,LYY5,FR0010261198,A0JDGC,XETR
Lyxor MSCI Europe ESG Leaders (DR) UCITS ETF - Acc,LEAD,LU1940199711,LYX99A,XETR
Lyxor MSCI Europe Mid Cap UCITS ETF,X025,LU0392496260,ETF125,XETR
Lyxor MSCI Europe Small Cap UCITS ETF,X026,LU0392496344,ETF126,XETR
Lyxor MSCI Europe UCITS ETF,X011,LU0392494646,ETF111,XETR
Lyxor MSCI Greece UCITS ETF - Dist,LYMH,FR0010405431,LYX0BF,XETR
Lyxor MSCI India UCITS ETF - Acc (EUR),LYMD,FR0010361683,LYX0BA,XETR
Lyxor MSCI Indonesia UCITS ETF - Acc,LYXI,LU1900065811,LYX019,XETR
Lyxor MSCI Korea UCITS ETF,LKOR,LU1900066975,LYX016,XETR
Lyxor MSCI North America UCITS ETF,X013,LU0392494992,ETF113,XETR
Lyxor MSCI Pacific Ex Japan UCITS ETF - Dist,LGQK,LU1220245556,LYX0TS,XETR
Lyxor MSCI Pacific UCITS ETF,X014,LU0392495023,ETF114,XETR
Lyxor MSCI Russia UCITS ETF - Acc,LRUS,LU1923627092,LYX0XV,XETR
Lyxor MSCI Russia UCITS ETF - Dist,RUSL,LU1923627332,LYX01C,XETR
Lyxor MSCI Taiwan UCITS ETF - Acc,LTWN,LU1900066033,LYX018,XETR
Lyxor MSCI Turkey UCITS ETF - Acc,LTUR,LU1900067601,LYX02F,XETR
Lyxor MSCI USA (LUX) UCITS ETF,X020,LU0392495700,ETF120,XETR
Lyxor MSCI USA ESG Trend  Leaders (DR) UCITS ETF - Acc,LESU,LU1792117696,LYX0YK,XETR
Lyxor MSCI USA UCITS ETF - Dist,LYYB,FR0010296061,A0JMFG,XETR
Lyxor MSCI World (LUX) UCITS ETF,X010,LU0392494562,ETF110,XETR
Lyxor MSCI World ESG Trend Leaders (DR) UCITS ETF - Acc,LESW,LU1792117779,LYX0YL,XETR
Lyxor MSCI World UCITS ETF - Dist,LYYA,FR0010315770,LYX0AG,XETR
Lyxor Nasdaq-100 Daily (2x) Leveraged UCITS ETF - Acc,L8I7,FR0010342592,A0LC12,XETR
Lyxor Nasdaq-100 UCITS ETF - Acc,LYMS,LU1829221024,LYX00F,XETR
Lyxor Nasdaq-100 UCITS ETF - Daily Hedged to EUR - Acc,BUNH,LU1954152853,LYX02Z,XETR
Lyxor Nasdaq-100 UCITS ETF - Dist USD,NADQ,LU2197908721,LYX05V,XETR
Lyxor Nikkei 225 UCITS ETF,C020,LU0378453376,ETF020,XETR
Lyxor Pan Africa UCITS ETF - Acc,LGQM,LU1287022708,LYX0V7,XETR
Lyxor S&P 500 Paris-Aligned Climate (EU-PAB) (DR) UCITS ETF – Acc,ZPA5,LU2198883410,LYX05J,XETR
Lyxor S&P 500 UCITS ETF - Daily Hedged to EUR - Dist,LYP2,LU0959211243,LYX0RE,XETR
Lyxor S&P 500 UCITS ETF - Dist (EUR),LYPS,LU0496786574,LYX0FS,XETR
Lyxor S&P 500 UCITS ETF - Dist (USD),6TVM,LU0496786657,LYX0FZ,XETR
Lyxor S&P 500 VIX Futures Enhanced Roll UCITS ETF - Acc,VOOL,LU0832435464,LYX0PM,XETR
Lyxor S&P Europe Paris-Aligned Climate (EU PAB) (DR) UCITS ETF - Acc,EABE,LU2198884491,LYX05K,XETR
Lyxor S&P Eurozone Paris-Aligned Climate (EU PAB) (DR) UCITS ETF - Acc ,ZPAB,LU2195226068,LYX05H,XETR
Lyxor S&P Global Developed Paris-Aligned Climate (EU PAB) (DR) UCITS ETF - Acc,EABG,LU2198882362,LYX05L,XETR
Lyxor S&P MidCap 400 UCITS ETF,X022,LU0392495965,ETF122,XETR
Lyxor S&P SmallCap 600 UCITS ETF,X023,LU0392496005,ETF123,XETR
Lyxor SDAX (DR) UCITS ETF,C005,LU0603942888,ETF005,XETR
Lyxor SPI UCITS ETF,C029,LU0603946798,ETF029,XETR
Lyxor STOXX Europe 600 UCITS ETF,C060,LU0378434582,ETF060,XETR
Lyxor US Treasury 10+Y (DR) UCITS ETF - Dist,DJAD,LU1407890620,LYX0Z9,XETR
Lyxor US Treasury 7-10Y (DR) UCITS ETF - Dist,LYX7,LU1407888053,LYX0VA,XETR
Lyxor USD 10Y Inflation Expectations UCITS ETF - Acc,UINF,LU1390062831,LYX0U5,XETR
Lyxor USD High Yield UCITS ETF - Dist,LYX8,LU1435356149,LYX0V1,XETR
Lyxor USD High Yield UCITS ETF - Monthly Hedged to EUR - Dist,LYXE,LU1435356495,LYX0V0,XETR
Market Access Jim Rogers International Commodity Index ETF,M9SA,LU0249326488,A0JK68,XETR
Ossiam Euro Government Bonds 3-5Y Carbon Reduction - UCITS ETF 1C (EUR),OG35,LU2069380306,A2PU65,XETR
Ossiam Solactive Moody's Analytics IG EUR Select Credit - UCITS ETF 1C (EUR),OSXF,LU1093307442,A11894,XETR
PIMCO Euro Short-Term High Yield Corporate Bond Index UCITS ETF EUR Acc,EUHA,IE00BD8D5G25,A2DLP1,XETR
PIMCO Euro Short-Term High Yield Corporate Bond Index UCITS ETF EUR Inc,EUHI,IE00BD8D5H32,A2DLP2,XETR
Rize Sustainable Future of Food UCITS ETF – USD Acc,RIZF,IE00BLRPQH31,A2P876,XETR
SPDR Barclays 0-5 Year Sterling Corporate Bond UCITS ETF,SYBQ,IE00BCBJF711,A1W8WE,XETR
SPDR Bloomberg Barclays 0 - 5 Year U.S. High Yield  Bond UCITS ETF,SYBK,IE00B99FL386,A1W3VZ,XETR
SPDR Bloomberg Barclays 0-3 Year Euro Corporate Bond UCITS ETF,SYBD,IE00BC7GZW19,A1W3V1,XETR
SPDR Bloomberg Barclays 0-3 Year US Corporate Bond UCITS ETF,SYBF,IE00BC7GZX26,A1W3V2,XETR
SPDR Bloomberg Barclays 1-10 Year U.S. Corporate Bond UCITS ETF,SYBR,IE00BYV12Y75,A2ACRD,XETR
SPDR Bloomberg Barclays 1-3 Month T-Bill MXN Hdg UCITS ETF (Acc),ZPRM,IE00BJXRT706,A2PM4R,XETR
SPDR Bloomberg Barclays 1-3 Month T-Bill UCITS ETF (acc),ZPR1,IE00BJXRT698,A2PM4Q,XETR
SPDR Bloomberg Barclays 1-3 Year Euro Government Bond UCITS ETF,SYB3,IE00B6YX5F63,A1JKSV,XETR
SPDR Bloomberg Barclays 1-3 Year U.S. Treasury Bond UCITS ETF,SYBW,IE00BC7GZJ81,A1W3V0,XETR
SPDR Bloomberg Barclays 1-5 Year Gilt UCITS ETF,SYB5,IE00B6YX5K17,A1JKSX,XETR
SPDR Bloomberg Barclays 10+ Year Euro Government Bond UCITS ETF   ,SYBV,IE00BYSZ6062,A2ACRK,XETR
SPDR Bloomberg Barclays 10+ Year U.S. Corporate Bond UCITS ETF ,SYBN,IE00BZ0G8860,A14071,XETR
SPDR Bloomberg Barclays 10+ Year U.S. Treasury Bond UCITS ETF ,SPPX,IE00BYSZ5V04,A2ACRP,XETR
SPDR Bloomberg Barclays 15+ Year Gilt UCITS ETF,SYBL,IE00B6YX5L24,A1JKSY,XETR
SPDR Bloomberg Barclays 3-5 Year Euro Government Bond UCITS ETF (Dist),SYB4,IE00BS7K8821,A12DYT,XETR
SPDR Bloomberg Barclays 3-7 Year U.S. Treasury Bond UCITS ETF,SPP3,IE00BYSZ5R67,A2ACRL,XETR
SPDR Bloomberg Barclays 7-10 Year U.S. Treasury Bond UCITS ETF ,SPP7,IE00BYSZ5T81,A2ACRN,XETR
SPDR Bloomberg Barclays EM Inflation Linked Local Bond UCITS ETF,SYBI,IE00B7MXFZ59,A1JLNG,XETR
SPDR Bloomberg Barclays Emerging Markets Local Bond UCITS ETF,SYBM,IE00B4613386,A1JJTV,XETR
SPDR Bloomberg Barclays Emerging Markets Local Bond UCITS ETF (Acc),SPFA,IE00BFWFPY67,A2JPTJ,XETR
SPDR Bloomberg Barclays Emerging Markets Local Bond USD Base CCY Hdg to EUR UCITS ETF (Acc),SPFD,IE00BK8JH525,A2PUE9,XETR
SPDR Bloomberg Barclays Euro Aggregate Bond UCITS ETF,SYBA,IE00B41RYL63,A1JJTM,XETR
SPDR Bloomberg Barclays Euro Corporate Bond UCITS ETF,SYBC,IE00B3T9LM79,A1JJTQ,XETR
SPDR Bloomberg Barclays Euro Government Bond UCITS ETF,SYBB,IE00B3S5XW04,A1JJTP,XETR
SPDR Bloomberg Barclays Euro High Yield Bond UCITS ETF,SYBJ,IE00B6YX5M31,A1JKSU,XETR
SPDR Bloomberg Barclays Global Aggregate Bond EUR Hdg UCITS ETF,SPFE,IE00BF1QPL78,A2H8NQ,XETR
SPDR Bloomberg Barclays Global Aggregate Bond GBP Hdg UCITS ETF,SPFB,IE00BF1QPJ56,A2H8NN,XETR
SPDR Bloomberg Barclays Global Aggregate Bond UCITS ETF,SYBZ,IE00B43QJJ40,A1JJTK,XETR
SPDR Bloomberg Barclays Global Aggregate Bond USD Hdg UCITS ETF,SPFV,IE00BKC94M46,A2PRUB,XETR
SPDR Bloomberg Barclays Global Aggregate Bond USD Hdg UCITS ETF,SPFU,IE00BF1QPH33,A2H8NM,XETR
SPDR Bloomberg Barclays Sterling Corporate Bond UCITS ETF,SYBS,IE00B4694Z11,A1JJTS,XETR
SPDR Bloomberg Barclays U.S. TIPS UCITS ETF,SYBY,IE00BZ0G8977,A14072,XETR
SPDR Bloomberg Barclays UK Gilt UCITS ETF,SYBG,IE00B3W74078,A1JJTR,XETR
SPDR Bloomberg Barclays US Aggregate Bond UCITS ETF,SYBU,IE00B459R192,A1JJTL,XETR
SPDR Bloomberg Barclays US Treasury Bond UCITS ETF,SYBT,IE00B44CND37,A1JJTT,XETR
SPDR Bloomberg SASB Euro Corporate ESG UCITS ETF,SPPR,IE00BLF7VW10,A2QB0P,XETR
SPDR Bloomberg SASB U.S. Corporate ESG UCITS ETF,SPPU,IE00BLF7VX27,A2QB0R,XETR
SPDR FTSE UK All Share UCITS ETF,SPYF,IE00B7452L46,A1JT1A,XETR
SPDR FTSE UK All Share UCITS ETF (Dist),ZPRD,IE00BD5FCF91,A2JHMP,XETR
SPDR ICE BofA 0-5 Year EM USD Government Bond UCITS ETF,ZPR5,IE00BP46NG52,A119P6,XETR
SPDR ICE BofAML 0-5 Year EM USD Government Bond EUR Hdg UCITS ETF (Acc),ZPR6,IE00BJL36X53,A2PJDY,XETR
SPDR MSCI ACWI EUR Hdg UCITS ETF (Acc),SPP1,IE00BF1B7389,A2JQU5,XETR
SPDR MSCI ACWI IMI UCITS ETF,SPYI,IE00B3YLTY66,A1JJTD,XETR
SPDR MSCI ACWI UCITS ETF,SPYY,IE00B44Z5B48,A1JJTC,XETR
SPDR MSCI ACWI USD Hdg UCITS ETF,SPP2,IE00BF1B7272,A2JQU4,XETR
SPDR MSCI EM Asia UCITS ETF,SPYA,IE00B466KX20,A1JJTG,XETR
SPDR MSCI Emerging Markets Small Cap UCITS ETF,SPYX,IE00B48X4842,A1JJTF,XETR
SPDR MSCI Emerging Markets UCITS ETF,SPYM,IE00B469F816,A1JJTE,XETR
SPDR MSCI EMU UCITS ETF,ZPRE,IE00B910VR50,A1KBQ3,XETR
SPDR MSCI Europe UCITS ETF,SPYE,IE00BKWQ0Q14,A1191Q,XETR
SPDR MSCI Japan EUR Hedged UCITS ETF,ZPDW,IE00BZ0G8C04,A143DB,XETR
SPDR MSCI Japan UCITS ETF,ZPDJ,IE00BZ0G8B96,A143DA,XETR
SPDR MSCI World Small Cap UCITS ETF,ZPRS,IE00BCBJG560,A1W56P,XETR
SPDR MSCI World UCITS ETF,SPPW,IE00BFY0GT14,A2N6CW,XETR
SPDR Refinitiv Global Convertible Bond EUR Hdg UCITS ETF (Acc),SPF1,IE00BDT6FP91,A2JE3J,XETR
SPDR Refinitiv Global Convertible Bond UCITS ETF,ZPRC,IE00BNH72088,A12CZS,XETR
SPDR Russell 2000 U.S. Small Cap UCITS ETF,ZPRR,IE00BJ38QD84,A1XFN1,XETR
SPDR S&P 400 US Mid Cap UCITS ETF,SPY4,IE00B4YBJ215,A1JSHV,XETR
SPDR S&P 500 ESG Screened UCITS ETF (Acc),SPPY,IE00BH4GPZ28,A2PSPE,XETR
SPDR S&P 500 EUR Hdg UCITS ETF (Acc),SPPE,IE00BYYW2V44,A2AGXP,XETR
SPDR S&P 500 UCITS ETF,SPY5,IE00B6YX5C33,A1JULM,XETR
SPDR STOXX Europe 600 ESG Screened UCITS ETF (Acc),ZPDX,IE00BK5H8015,A2PPQZ,XETR
Tabula EUR IG Bond Paris-Aligned Climate UCITS ETF (EUR) – Acc,TABC,IE00BN4GXL63,A2QJ93,XETR
Tabula European iTraxx Crossover Credit UCITS ETF (EUR) - Acc,TABH,IE00BH059L74,A2PBNY,XETR
Tabula European Performance Credit UCITS ETF (EUR) - Dist,TABD,IE00BG0J8L59,A2N81A,XETR
Tabula iTraxx IG Bond UCITS ETF (EUR) - Acc,TABA,IE00BKP52691,A2QJ92,XETR
Tabula iTraxx IG Bond UCITS ETF (EUR) - Dist,TABX,IE00BL6XZW69,A2PW5L,XETR
UBS ETF (IE) Bloomberg Commodity CMCI SF UCITS ETF (hedged to EUR) A-acc,BCFE,IE00BYYLVJ24,A2DQ70,XETR
UBS ETF (IE) Bloomberg Commodity CMCI SF UCITS ETF (USD) A-acc,BCFU,IE00BYYLVH00,A2DQ7Z,XETR
UBS ETF (IE) CMCI Composite SF UCITS ETF (hedged to GBP) A-acc,UEQ3,IE00B50XJX92,A1C79U,XETR
UBS ETF (IE) CMCI Composite SF UCITS ETF (USD) A-acc,UIQK,IE00B53H0131,A1C79N,XETR
UBS ETF (IE) CMCI ex-Agriculture SF UCITS ETF (hedged to EUR) A-acc,UIQ1,IE00BYT5CV85,A2AHR4,XETR
UBS ETF (IE) CMCI ex-Agriculture SF UCITS ETF (USD) A-acc,UEQU,IE00BZ2GV965,A141AP,XETR
UBS ETF (IE) Global Gender Equality UCITS ETF (hedged to EUR) A-acc,GGUE,IE00BDR5H073,A2H5JL,XETR
UBS ETF (IE) MSCI AC Asia Ex Japan SF UCITS ETF (USD) A-acc,UIQI,IE00B7WK2W23,A1JZY0,XETR
UBS ETF (IE) MSCI ACWI Socially Responsible UCITS ETF (hedged to EUR) A-acc,AW1R,IE00BDR55927,A2H5CB,XETR
UBS ETF (IE) MSCI China A SF UCITS ETF (USD) A-acc,CNUA,IE00BKFB6K94,A2PRV8,XETR
UBS ETF (IE) MSCI EMU Climate Paris Aligned UCITS ETF (EUR) A-acc,AW1Z,IE00BN4Q0L55,A2QNQH,XETR
UBS ETF (IE) MSCI Europe Climate Paris Aligned UCITS ETF (EUR) A-acc,AW13,IE00BN4Q0933,A2QNQM,XETR
UBS ETF (IE) MSCI Japan Climate Paris Aligned UCITS ETF (JPY) A-acc,AW15,IE00BN4Q0X77,A2QNQP,XETR
UBS ETF (IE) MSCI USA Climate Paris Aligned UCITS ETF (USD) A-acc,AW16,IE00BN4Q0602,A2QNQQ,XETR
UBS ETF (IE) MSCI USA hedged EUR UCITS ETF (EUR) A-acc,UBUJ,IE00BD4TYG73,A1W5DE,XETR
UBS ETF (IE) MSCI USA Socially Responsible UCITS ETF (USD) A-acc,4UBI,IE00BJXT3C94,A2PZBD,XETR
UBS ETF (IE) MSCI USA Socially Responsible UCITS ETF (USD) A-dis,4UBK,IE00BJXT3B87,A2PZBC,XETR
UBS ETF (IE) MSCI USA UCITS ETF (USD) A-dis,UBU3,IE00B77D4428,A1JVB6,XETR
UBS ETF (IE) MSCI World Climate Paris Aligned UCITS ETF (USD) A-acc,AW10,IE00BN4Q0370,A2QNQJ,XETR
UBS ETF (IE) MSCI World Socially Responsible UCITS ETF (hedged to EUR) A-acc,4UB1,IE00BK72HM96,A2PZBK,XETR
UBS ETF (IE) MSCI World Socially Responsible UCITS ETF (USD) A-acc,4UBH,IE00BK72HJ67,A2PZBJ,XETR
UBS ETF (IE) MSCI World Socially Responsible UCITS ETF (USD) A-dis,4UB9,IE00BK72HH44,A2PZBH,XETR
UBS ETF (IE) MSCI World UCITS ETF (USD) A-acc,UETW,IE00BD4TXV59,A2PK5J,XETR
UBS ETF (IE) MSCI World UCITS ETF (USD) A-dis,UBU7,IE00B7KQ7B66,A1JVCA,XETR
UBS ETF (IE) S&P 500 ESG Elite UCITS ETF (hedged to EUR) A-acc,AW1B,IE00BLSN7W87,A2QMFY,XETR
UBS ETF (IE) S&P 500 ESG Elite UCITS ETF (USD) A-acc,AW1C,IE00BLSN7P11,A2QMF1,XETR
UBS ETF (IE) S&P 500 ESG UCITS ETF (hedged to EUR)  A-acc,S5SG,IE00BHXMHQ65,A2PEJ2,XETR
UBS ETF (IE) S&P 500 ESG UCITS ETF (USD) A-acc,4UBQ,IE00BHXMHL11,A2PEVA,XETR
UBS ETF (IE) S&P 500 ESG UCITS ETF (USD) A-dis,S5SD,IE00BHXMHK04,A2PEZ8,XETR
UBS ETF (IE) S&P 500 UCITS ETF (hedged to EUR) A-acc,UEQD,IE00BD34DK07,A2AMYQ,XETR
UBS ETF (IE) S&P 500 UCITS ETF (hedged to EUR) A-dis,UEQ7,IE00BD34DJ91,A2H7WJ,XETR
UBS ETF (IE) S&P 500 UCITS ETF (USD) A-dis,UBU9,IE00B7K93397,A1JVB5,XETR
UBS ETF (IE) UBS Climate Aware Global Developed Equity CTB UCITS ETF (USD) A-acc,AW11,IE00BN4PXC48,A2QNQK,XETR
UBS ETF (LU) Bloomberg Barclays EUR High Quality Liquid Assets 1-5 Bond UCITS ETF (EUR) A-dis,UIQL,LU1805389258,A2JLRU,XETR
UBS ETF (LU) Bloomberg Barclays Euro Area Liquid Corporates 1-5 UCITS ETF (EUR) A-dis,UEF6,LU1048314196,A110QF,XETR
UBS ETF (LU) Bloomberg Barclays Euro Area Liquid Corporates UCITS ETF (EUR) A-dis,UEFR,LU0721553864,A1JRDL,XETR
UBS ETF (LU) Bloomberg Barclays Euro Inflation Linked 1-10 UCITS ETF (EUR) A-dis,FRC3,LU1645380368,A2DUGB,XETR
UBS ETF (LU) Bloomberg Barclays Euro Inflation Linked 10+ UCITS ETF (EUR) A-dis,FRC4,LU1645381689,A2DUGP,XETR
UBS ETF (LU) Bloomberg Barclays MSCI Euro Area Liquid Corporates Sustainable UCITS ETF (EUR) A-acc,4UBF,LU1484799843,A2AQ6E,XETR
UBS ETF (LU) Bloomberg Barclays MSCI Euro Area Liquid Corporates Sustainable UCITS ETF (EUR) A-dis,UIMC,LU1484799769,A2AQ6D,XETR
UBS ETF (LU) Bloomberg Barclays MSCI Global Liquid Corporates Sustainable UCITS ETF (hedged to EUR) A-acc,4UBR,LU2099992260,A2PYA5,XETR
UBS ETF (LU) Bloomberg Barclays MSCI Global Liquid Corporates Sustainable UCITS ETF (USD) A-acc,4UBP,LU2099991536,A2PYA0,XETR
UBS ETF (LU) Bloomberg Barclays MSCI US Liquid Corporates Sustainable UCITS ETF (hedged to EUR) A-acc,UET0,LU1215461325,A14YV6,XETR
UBS ETF (LU) Bloomberg Barclays TIPS 10+ UCITS ETF (USD) A-dis,UIMB,LU1459802754,A2APA5,XETR
UBS ETF (LU) Bloomberg Barclays US 1-3 Year Treasury Bond UCITS ETF (USD) A-dis,UEFF,LU0721552544,A1JRC9,XETR
UBS ETF (LU) Bloomberg Barclays US 7-10 Year Treasury Bond UCITS ETF (USD) A-dis,UEFI,LU0721552973,A1JRDC,XETR
UBS ETF (LU) Bloomberg Barclays US Liquid Corporates 1-5 UCITS ETF (hedged to EUR) A-acc,UEF8,LU1048315243,A110QS,XETR
UBS ETF (LU) Bloomberg Barclays US Liquid Corporates 1-5 UCITS ETF (USD) A-dis,UEF7,LU1048314949,A110QP,XETR
UBS ETF (LU) Bloomberg Barclays US Liquid Corporates UCITS ETF (hedged to EUR) A-acc,UEF0,LU1048317025,A110Q8,XETR
UBS ETF (LU) Bloomberg Barclays US Liquid Corporates UCITS ETF (USD) A-dis,UEF9,LU1048316647,A110Q5,XETR
UBS ETF (LU) Bloomberg Barclays USD Emerging Markets Sovereign UCITS ETF (hedged to EUR) A-acc,FRCK,LU1324516308,A1439H,XETR
UBS ETF (LU) Bloomberg Barclays USD Emerging Markets Sovereign UCITS ETF (USD) A-dis,UEFS,LU1324516050,A1439E,XETR
UBS ETF (LU) EURO STOXX 50 ESG UCITS ETF (EUR) A-dis,UET5,LU1971906802,A2PGD1,XETR
UBS ETF (LU) EURO STOXX 50 UCITS ETF (EUR) A-dis,UIM1,LU0136234068,794357,XETR
UBS ETF (LU) FTSE 100 UCITS ETF (GBP) A-dis,UIM3,LU0136242590,794362,XETR
UBS ETF (LU) J.P. Morgan CNY China Government 1-10 Year Bond UCITS ETF (USD) A-acc,JC11,LU2095995895,A2PYAK,XETR
UBS ETF (LU) J.P. Morgan EM Multi-Factor Enhanced Local Currency Bond UCITS ETF (USD) A-dis,UEFE,LU1720938841,A2JBPA,XETR
UBS ETF (LU) J.P. Morgan Global Government ESG Liquid Bond UCITS ETF (USD) A-acc,UIQG,LU1974693662,A2PGQR,XETR
UBS ETF (LU) J.P. Morgan USD EM Diversified Bond 1-5 UCITS ETF (hedged to EUR) A-acc,SEAB,LU1645386480,A2DUHX,XETR
UBS ETF (LU) J.P. Morgan USD EM Diversified Bond 1-5 UCITS ETF (hedged to EUR) A-dis,SEAD,LU1645386308,A2DUHW,XETR
UBS ETF (LU) J.P. Morgan USD EM Diversified Bond 1-5 UCITS ETF (USD) A-dis,SEAA,LU1645385839,A2DUHR,XETR
UBS ETF (LU) J.P. Morgan USD EM IG ESG Diversified Bond UCITS ETF (hedged to EUR) A-acc,EMIE,LU1974696418,A2PGRF,XETR
UBS ETF (LU) J.P. Morgan USD EM IG ESG Diversified Bond UCITS ETF (USD) A-acc,EMIG,LU1974695790,A2PGQ8,XETR
UBS ETF (LU) MSCI Canada UCITS ETF (CAD) A-dis,UIM9,LU0446734872,A0X97V,XETR
UBS ETF (LU) MSCI China ESG Universal UCITS ETF (USD) A-dis,UETC,LU1953188833,A2PESQ,XETR
UBS ETF (LU) MSCI Emerging Markets Socially Responsible UCITS ETF (USD) A-acc,UETE,LU1048313974,A110QE,XETR
UBS ETF (LU) MSCI Emerging Markets Socially Responsible UCITS ETF (USD) A-dis,UEF5,LU1048313891,A110QD,XETR
UBS ETF (LU) MSCI Emerging Markets UCITS ETF (USD) A-dis,UIMI,LU0480132876,UB42AA,XETR
UBS ETF (LU) MSCI EMU Small Cap UCITS ETF (EUR) A-dis,UEFD,LU0671493277,A1JHNE,XETR
UBS ETF (LU) MSCI EMU Socially Responsible UCITS ETF (EUR) A-dis,UIMR,LU0629460675,A1JA1T,XETR
UBS ETF (LU) MSCI EMU UCITS ETF (EUR) A-dis,UIM4,LU0147308422,633611,XETR
UBS ETF (LU) MSCI Europe Socially Responsible UCITS ETF (EUR) A-acc,UIW1,LU2206597804,A2P93H,XETR
UBS ETF (LU) MSCI Europe Socially Responsible UCITS ETF (EUR) A-dis,UIW2,LU2206597713,A2P93G,XETR
UBS ETF (LU) MSCI Europe Socially Responsible UCITS ETF (hedged to EUR) A-acc,UIW3,LU2206598109,A2P93L,XETR
UBS ETF (LU) MSCI Europe UCITS ETF (EUR) A-dis,UIMA,LU0446734104,A0X97P,XETR
UBS ETF (LU) MSCI Europe UCITS ETF (hedged to EUR) A-acc,UIMF,LU1600334798,A2DQDG,XETR
UBS ETF (LU) MSCI Japan Socially Responsible UCITS ETF (hedged to EUR) A-acc,U1FB,LU1273488715,A14X32,XETR
UBS ETF (LU) MSCI Japan Socially Responsible UCITS ETF (JPY) A-dis,FRCJ,LU1230561679,A14UX8,XETR
UBS ETF (LU) MSCI Japan UCITS ETF (hedged to EUR) A-acc,UFMA,LU1169822266,A14MFB,XETR
UBS ETF (LU) MSCI Japan UCITS ETF (JPY) A-dis,UIM5,LU0136240974,794361,XETR
UBS ETF (LU) MSCI Pacific (ex Japan) UCITS ETF (USD) A-dis,UIMD,LU0446734526,A0X97T,XETR
UBS ETF (LU) MSCI Pacific Socially Responsible UCITS ETF (USD) A-acc,USUP,LU0950674928,A1W3LH,XETR
UBS ETF (LU) MSCI Pacific Socially Responsible UCITS ETF (USD) A-dis,UIMT,LU0629460832,A1JA1U,XETR
UBS ETF (LU) MSCI Switzerland IMI Socially Responsible UCITS ETF (CHF) A-acc,CHSR,LU2250132763,A2QJ83,XETR
UBS ETF (LU) MSCI United Kingdom UCITS ETF (hedged to EUR) A-acc,UFMB,LU1169821292,A14ME3,XETR
UBS ETF (LU) MSCI USA Socially Responsible UCITS ETF (hedged to EUR) A-dis,UET1,LU1280303014,A14YUN,XETR
UBS ETF (LU) MSCI USA Socially Responsible UCITS ETF (USD) A-dis,UIMP,LU0629460089,A1JA1S,XETR
UBS ETF (LU) MSCI USA UCITS ETF (USD) A-dis,UIM6,LU0136234654,794358,XETR
UBS ETF (LU) MSCI World Socially Responsible UCITS ETF (USD) A-acc,SEAC,LU0950674332,A1W3CQ,XETR
UBS ETF (LU) MSCI World Socially Responsible UCITS ETF (USD) A-dis,UIMM,LU0629459743,A1JA1R,XETR
UBS ETF (LU) MSCI World UCITS ETF (USD) A-dis,UIM7,LU0340285161,A0NCFR,XETR
UBS ETF (LU) SBI Foreign AAA-BBB 1-5 UCITS ETF (CHF) A-dis,UEFY,LU0879397742,A1H9GF,XETR
UBS ETF (LU) SBI Foreign AAA-BBB 5-10 UCITS ETF (CHF) A-dis,UEFZ,LU0879399441,A1H9GG,XETR
UC AXI Global Coco Bonds UCITS ETF - Institutional EUR-hedged,CCNV,LU1873136789,A2N4RJ,XETR
UC MSCI European Green Bond EUR UCITS ETF,ECBI,LU1899270539,A2N8AW,XETR
UC Refinitiv European Convertible Bond UCITS ETF,ECBD,LU1199448058,A14PYG,XETR
UC Refinitiv European Convertible Bond UCITS ETF (dis),ECBC,LU1372156916,A2AEZ5,XETR
VanEck Vectors Emerging Markets High Yield Bond UCITS ETF,HY3M,IE00BF541080,A2JEMH,XETR
VanEck Vectors iBoxx EUR Corporates UCITS ETF,TCBT,NL0009690247,A1T84M,XETR
VanEck Vectors iBoxx EUR Sovereign Capped AAA-AA 1-5 UCITS ETF,VIGB,NL0010273801,A1T84N,XETR
VanEck Vectors iBoxx EUR Sovereign Diversified 1-10 UCITS ETF,TGBT,NL0009690254,A1J7LH,XETR
VanEck Vectors J.P. Morgan EM Local Currency Bond UCITS ETF - USD A,EM1C,IE00BDS67326,A2DQKN,XETR
Vanguard ESG Global All Cap UCITS ETF (USD) - Acc,V3AA,IE00BNG8L278,A2QL8U,XETR
Vanguard ESG Global All Cap UCITS ETF (USD) - Dist,V3AL,IE00BNG8L385,A2QL8V,XETR
Vanguard EUR Corporate Bond UCITS ETF,VECP,IE00BZ163G84,A143JK,XETR
Vanguard EUR Corporate Bond UCITS ETF - (EUR) Accumulating,VECA,IE00BGYWT403,A2PA8G,XETR
Vanguard EUR Eurozone Government Bond UCITS ETF,VGEB,IE00BZ163H91,A143JL,XETR
Vanguard EUR Eurozone Government Bond UCITS ETF - (EUR) Accumulating,VGEA,IE00BH04GL39,A2PA8D,XETR
Vanguard FTSE 100 UCITS ETF,VUKE,IE00B810Q511,A1JX54,XETR
Vanguard FTSE 250 UCITS ETF,VMID,IE00BKX55Q28,A12CX0,XETR
Vanguard FTSE All-World UCITS ETF,VGWL,IE00B3RBWM25,A1JX52,XETR
Vanguard FTSE All-World UCITS ETF - (USD) Accumulating,VWCE,IE00BK5BQT80,A2PKXG,XETR
Vanguard FTSE Developed Asia Pacific ex Japan UCITS ETF,VGEJ,IE00B9F5YL18,A1T8FT,XETR
Vanguard FTSE Developed Asia Pacific ex Japan UCITS ETF (USD) Accumulating,VGEK,IE00BK5BQZ41,A2PLTA,XETR
Vanguard FTSE Developed Europe ex UK UCITS ETF,VERX,IE00BKX55S42,A12CXZ,XETR
Vanguard FTSE Developed Europe ex UK UCITS ETF - (EUR) Accumulating,VERE,IE00BK5BQY34,A2PLBL,XETR
Vanguard FTSE Developed Europe UCITS ETF,VGEU,IE00B945VV12,A1T8FS,XETR
Vanguard FTSE Developed Europe UCITS ETF - (EUR) Accumulating,VWCG,IE00BK5BQX27,A2PLBK,XETR
Vanguard FTSE Developed World UCITS ETF,VGVE,IE00BKX55T58,A12CX1,XETR
Vanguard FTSE Developed World UCITS ETF (USD) Accumulating,VGVF,IE00BK5BQV03,A2PLS9,XETR
Vanguard FTSE Emerging Markets UCITS ETF,VFEM,IE00B3VVMM84,A1JX51,XETR
Vanguard FTSE Emerging Markets UCITS ETF (USD) Accumulating,VFEA,IE00BK5BR733,A2PLTC,XETR
Vanguard FTSE Japan UCITS ETF,VJPN,IE00B95PGT31,A1T8FU,XETR
Vanguard FTSE Japan UCITS ETF (USD) Accumulating,VJPA,IE00BFMXYX26,A2PLS8,XETR
Vanguard FTSE Japan UCITS ETF EUR Hedged Accumulating,VJPE,IE00BFMXYY33,A2PL2G,XETR
Vanguard FTSE North America UCITS ETF,VNRT,IE00BKX55R35,A12CXY,XETR
Vanguard FTSE North America UCITS ETF - (USD) Accumulating,VNRA,IE00BK5BQW10,A2PLBJ,XETR
Vanguard Germany All Cap UCITS ETF,VGER,IE00BG143G97,A2JF6S,XETR
Vanguard Global Aggregate Bond UCITS ETF EUR Hedged Accumulating,VAGF,IE00BG47KH54,A2PJZJ,XETR
Vanguard Global Aggregate Bond UCITS ETF EUR Hedged Distributing,VAGE,IE00BG47KB92,A2N9W4,XETR
Vanguard S&P 500 UCITS ETF,VUSA,IE00B3XXRP09,A1JX53,XETR
Vanguard S&P 500 UCITS ETF (USD) Accumulating,VUAA,IE00BFMXXD54,A2PFN2,XETR
Vanguard U.K. Gilt UCITS ETF,VGOV,IE00B42WWV65,A1JX55,XETR
Vanguard U.K. Gilt UCITS ETF EUR hedged - Acc,VGUE,IE00BMX0B524,A2P742,XETR
Vanguard USD Corporate 1-3 Year Bond UCITS ETF,VUSC,IE00BDD48R20,A2JCCL,XETR
Vanguard USD Corporate Bond UCITS ETF,VUCP,IE00BZ163K21,A143JM,XETR
Vanguard USD Corporate Bond UCITS ETF - (USD) Accumulating,VUCE,IE00BGYWFK87,A2PCCH,XETR
Vanguard USD Corporate Bond UCITS ETF EUR hedged - Acc,VDCE,IE00BGYWFL94,A2P743,XETR
Vanguard USD Emerging Markets Government Bond UCITS ETF,VGEM,IE00BZ163L38,A143JQ,XETR
Vanguard USD Treasury Bond UCITS ETF,VGTY,IE00BZ163M45,A143JN,XETR
Vanguard USD Treasury Bond UCITS ETF EUR hedged - Acc,VDTE,IE00BMX0B631,A2P741,XETR
WisdomTree Enhanced Commodity UCITS ETF - EUR Hedged Acc,WTEH,IE00BG88WG77,A2JQ0F,XETR
WisdomTree Enhanced Commodity UCITS ETF - USD,WTIC,IE00BYMLZY74,A2AE1P,XETR
WisdomTree EUR Aggregate Bond Enhanced Yield UCITS ETF - EUR,WTDP,IE00BD49R912,A2JKH6,XETR
WisdomTree EUR Aggregate Bond Enhanced Yield UCITS ETF - EUR Acc,WTDQ,IE00BD49RB39,A2JKH7,XETR
WisdomTree EUR Government Bond Enhanced Yield UCITS ETF - EUR,WTDR,IE00BD49RJ15,A2JKH8,XETR
WisdomTree EUR Government Bond Enhanced Yield UCITS ETF - EUR Acc,WTDS,IE00BD49RK20,A2JKH9,XETR
WisdomTree Europe Equity UCITS ETF - USD Hedged,WTDH,IE00BVXBH163,A14SCC,XETR
WisdomTree Europe Equity UCITS ETF EUR Acc,WTDF,IE00BYQCZX56,A1403C,XETR
WisdomTree European Union Bond UCITS ETF - EUR Acc,W1TG,IE00BMXWRM76,A2QGBX,XETR
WisdomTree Japan Equity UCITS ETF JPY Acc,WTIZ,IE00BYQCZN58,A1403E,XETR
WisdomTree Japan Equity UCITS ETF USD Hedged,WTDX,IE00BVXC4854,A14SCB,XETR
WisdomTree Japan Equity UCITS ETF- EUR Hedged,WTIF,IE00BYQCZJ13,A1403D,XETR
WisdomTree S&P China 500 UCITS ETF Class B USD,ICW5,LU1440654330,A2ANVN,XETR
Xtrackers ATX UCITS ETF 1C,XB4A,LU0659579063,DBX0KJ,XETR
Xtrackers CAC 40 UCITS ETF 1D,DX2G,LU0322250985,DBX1AR,XETR
Xtrackers CSI300 Swap UCITS ETF 1C,XCHA,LU0779800910,DBX0M2,XETR
Xtrackers DAX Income UCITS ETF 1D,XDDX,LU0838782315,DBX0NH,XETR
Xtrackers DAX UCITS ETF 1C,DBXD,LU0274211480,DBX1DA,XETR
Xtrackers DB Bloomberg Commodity Optimum Yield Swap UCITS ETF 2C EUR Hedged,DBZN,LU0429790743,DBX0CZ,XETR
Xtrackers DBLCI Commodity Optimum Yield Swap UCITS ETF 1C EUR Hedged,DXSM,LU0292106167,DBX1LC,XETR
Xtrackers ESG USD Corporate Bond UCITS ETF 1C,XZBU,IE00BL58LJ19,A2P5C7,XETR
Xtrackers ESG USD Corporate Bond UCITS ETF 2C - EUR hedged,XZBE,IE00BL58LL31,A2P5C9,XETR
Xtrackers EUR Credit 12.5 Swap UCITS ETF 1C,D3V3,IE00B3Z66S39,A1C1PC,XETR
Xtrackers EURO STOXX 50 UCITS ETF 1C,DXET,LU0380865021,DBX1ET,XETR
Xtrackers EURO STOXX 50 UCITS ETF 1D,DBXE,LU0274211217,DBX1EU,XETR
Xtrackers FTSE 100 Income UCITS ETF 1D,DBXX,LU0292097234,DBX1F1,XETR
Xtrackers FTSE 100 UCITS ETF 1C,XDUK,LU0838780707,DBX0NF,XETR
Xtrackers FTSE 250 UCITS ETF 1D,DBXY,LU0292097317,DBX1F2,XETR
Xtrackers FTSE China 50 UCITS ETF 1C,DBX9,LU0292109856,DBX1FX,XETR
Xtrackers FTSE MIB UCITS ETF 1D,DBXI,LU0274212538,DBX1MB,XETR
Xtrackers FTSE Vietnam Swap UCITS ETF 1C,DXS7,LU0322252924,DBX1AG,XETR
Xtrackers Germany Mittelstand & MidCap UCITS ETF 1D,XDGM,IE00B9MRJJ36,A1T795,XETR
Xtrackers Harvest CSI300 UCITS ETF 1D,RQFI,LU0875160326,DBX0NK,XETR
Xtrackers Harvest FTSE China A-H 50 UCITS ETF 1D,AH50,LU1310477036,DBX0P8,XETR
Xtrackers iBoxx EUR Corporate Bond Yield Plus UCITS ETF 1D,XDEP,IE00BYPHT736,A2ACJ8,XETR
Xtrackers iBoxx USD Corporate Bond Yield Plus UCITS ETF 1D,XYLD,IE00BF8J5974,A2H5F5,XETR
Xtrackers iBoxx USD Corporate Bond Yield Plus UCITS ETF 2C EUR Hedged,XYLE,IE00BFMKQ930,A2JNWQ,XETR
Xtrackers II Australia Government Bond UCITS ETF 1C,XCS2,LU0494592974,DBX0GG,XETR
Xtrackers II ESG EUR Corporate Bond Short Duration UCITS ETF 1C,XZE5,LU2178481649,A2P4XG,XETR
Xtrackers II ESG EUR Corporate Bond UCITS ETF 1D,XB4F,LU0484968812,DBX0E8,XETR
Xtrackers II EUR Corporate Bond UCITS ETF 1C,D5BG,LU0478205379,DBX0EY,XETR
Xtrackers II EUR Covered Bond Swap UCITS ETF 1C,XLIQ,LU0820950128,DBX0ND,XETR
Xtrackers II EUR High Yield Corporate Bond 1-3 Swap UCITS ETF 1D,XHY1,LU1109939865,DBX0PP,XETR
Xtrackers II EUR High Yield Corporate Bond UCITS ETF 1C,XHYA,LU1109943388,DBX0PS,XETR
Xtrackers II EUR High Yield Corporate Bond UCITS ETF 1D,XHYG,LU1109942653,DBX0PR,XETR
Xtrackers II EUR Overnight Rate Swap UCITS ETF 1C,DBXT,LU0290358497,DBX0AN,XETR
Xtrackers II EUR Overnight Rate Swap UCITS ETF 1D,DX22,LU0335044896,DBX0A2,XETR
Xtrackers II Eurozone AAA Government Bond Swap UCITS ETF 1C,XBAT,LU0484969463,DBX0FE,XETR
Xtrackers II Eurozone AAA Government Bond Swap UCITS ETF 1D,XBAI,LU0975326215,DBX0PF,XETR
Xtrackers II Eurozone Government Bond 1-3 UCITS ETF 1C,DBXP,LU0290356871,DBX0AD,XETR
Xtrackers II Eurozone Government Bond 1-3 UCITS ETF 1D,X03B,LU0614173549,DBX0JH,XETR
Xtrackers II Eurozone Government Bond 15-30 UCITS ETF 1C,DBXF,LU0290357507,DBX0AJ,XETR
Xtrackers II Eurozone Government Bond 25+ UCITS ETF 1C,DBXG,LU0290357846,DBX0AK,XETR
Xtrackers II Eurozone Government Bond 3-5 UCITS ETF 1C,DBXQ,LU0290356954,DBX0AE,XETR
Xtrackers II Eurozone Government Bond 3-5 UCITS ETF 1D,X03C,LU0614173895,DBX0JJ,XETR
Xtrackers II Eurozone Government Bond 5-7 UCITS ETF 1C,DBXR,LU0290357176,DBX0AF,XETR
Xtrackers II Eurozone Government Bond 7-10 UCITS ETF 1C,DBXB,LU0290357259,DBX0AG,XETR
Xtrackers II Eurozone Government Bond UCITS ETF 1C,DBXN,LU0290355717,DBX0AC,XETR
Xtrackers II Eurozone Government Bond UCITS ETF 1D,X03F,LU0643975591,DBX0KC,XETR
Xtrackers II Eurozone Government Bond UCITS ETF 2C - USD hedged,XGLU,LU2009147591,DBX00R,XETR
Xtrackers II Eurozone Inflation-Linked Bond UCITS ETF 1C,DBXK,LU0290358224,DBX0AM,XETR
Xtrackers II GBP Overnight Rate Swap UCITS ETF 1D,DXS1,LU0321464652,DBX0A1,XETR
Xtrackers II Germany Government Bond 1-3 UCITS ETF 1D,D5BC,LU0468897110,DBX0C9,XETR
Xtrackers II Germany Government Bond UCITS ETF 1C,X03G,LU0643975161,DBX0KA,XETR
Xtrackers II Germany Government Bond UCITS ETF 1D,D5BB,LU0468896575,DBX0C7,XETR
Xtrackers II Global Aggregate Bond Swap UCITS ETF 1D,XBAG,LU0942970103,DBX0NV,XETR
Xtrackers II Global Aggregate Bond Swap UCITS ETF 5C EUR Hedged,XBAE,LU0942970798,DBX0NZ,XETR
Xtrackers II Global Government Bond UCITS ETF 1C EUR Hedged,DBZB,LU0378818131,DBX0A8,XETR
Xtrackers II Global Government Bond UCITS ETF 1D EUR Hedged,XGVD,LU0690964092,DBX0MF,XETR
Xtrackers II Global Government Bond UCITS ETF 5C,XG7S,LU0908508731,DBX0NM,XETR
Xtrackers II Global Inflation-Linked Bond UCITS ETF 1C EUR Hedged,DBXH,LU0290357929,DBX0AL,XETR
Xtrackers II Global Inflation-Linked Bond UCITS ETF 1D EUR Hedged,XGII,LU0962078753,DBX0N9,XETR
Xtrackers II Global Inflation-Linked Bond UCITS ETF 5C,XGIU,LU0908508814,DBX0NN,XETR
Xtrackers II Harvest China Government Bond UCITS ETF 1D,CGB,LU1094612022,DBX0PN,XETR
Xtrackers II iBoxx Eurozone Government Bond Yield Plus 1-3 UCITS ETF 1C,XYP1,LU0925589839,DBX0K7,XETR
Xtrackers II iBoxx Eurozone Government Bond Yield Plus 1-3 UCITS ETF 1D,XY1D,LU0975334821,DBX0PE,XETR
Xtrackers II iBoxx Eurozone Government Bond Yield Plus UCITS ETF 1C,XY4P,LU0524480265,DBX0HM,XETR
Xtrackers II iBoxx Eurozone Government Bond Yield Plus UCITS ETF 1D,XYPD,LU0962071741,DBX0N8,XETR
Xtrackers II iBoxx Germany Covered Bond Swap UCITS ETF 1C,DXSW,LU0321463506,DBX0AX,XETR
Xtrackers II iBoxx Germany Covered Bond Swap UCITS ETF 1D,XBCD,LU0962081203,DBX0PA,XETR
Xtrackers II Italy Government Bond 0-1 Swap UCITS ETF 1C,XBO2,LU0613540268,DBX0HH,XETR
Xtrackers II iTraxx Crossover Swap UCITS ETF 1C,DBXM,LU0290359032,DBX0AR,XETR
Xtrackers II iTraxx Europe Swap UCITS ETF 1C,DXSQ,LU0290358653,DBX0AP,XETR
Xtrackers II Japan Government Bond UCITS ETF 1C,XJSE,LU0952581584,DBX0N3,XETR
Xtrackers II US Treasuries 1-3 UCITS ETF 1D,D5BE,LU0429458895,DBX0CU,XETR
Xtrackers II US Treasuries UCITS ETF 1D,XUTD,LU0429459356,DBX0CQ,XETR
Xtrackers II US Treasuries UCITS ETF 2D EUR Hedged,XUTE,LU1399300455,DBX0QG,XETR
Xtrackers II USD Asia ex Japan Corporate Bond UCITS ETF 1D,ALQD,LU1409136006,DBX0QJ,XETR
Xtrackers II USD Emerging Markets Bond UCITS ETF 1C EUR Hedged,DXSU,LU0321462953,DBX0AV,XETR
Xtrackers II USD Emerging Markets Bond UCITS ETF 2C,XUEB,LU1920015440,DBX0RD,XETR
Xtrackers II USD Emerging Markets Bond UCITS ETF 2D,XUEM,LU0677077884,DBX0MB,XETR
Xtrackers II USD Overnight Rate Swap UCITS ETF 1C,DXSZ,LU0321465469,DBX0A0,XETR
Xtrackers JPX-Nikkei 400 UCITS ETF 1D,XDNY,IE00BPVLQD13,A119J2,XETR
Xtrackers JPX-Nikkei 400 UCITS ETF 3C EUR Hedged,XDNE,IE00BRB36B93,A12C16,XETR
Xtrackers MSCI AC Asia ex Japan Swap UCITS ETF 1C,DXS5,LU0322252171,DBX1AE,XETR
Xtrackers MSCI AC World UCITS ETF 1C,XMAW,IE00BGHQ0G80,A1W8SB,XETR
Xtrackers MSCI Africa Top 50 Swap UCITS ETF 1C,XMKA,LU0592217524,DBX0HX,XETR
Xtrackers MSCI Brazil UCITS ETF 1C,DBX6,LU0292109344,DBX1MR,XETR
Xtrackers MSCI Canada UCITS ETF 1C,D5BH,LU0476289540,DBX0ET,XETR
Xtrackers MSCI China UCITS ETF 1C,XCS6,LU0514695690,DBX0G2,XETR
Xtrackers MSCI EM Asia Swap UCITS ETF 1C,DBX2,LU0292107991,DBX1MA,XETR
Xtrackers MSCI EM Asia Swap UCITS ETF 1D,XMA1,LU2296661775,A2QNNH,XETR
"Xtrackers MSCI EM Europe, Middle East & Africa ESG Swap UCITS ETF 1C",DBX4,LU0292109005,DBX1EA,XETR
Xtrackers MSCI EM Latin America ESG Swap UCITS ETF 1C,DBX3,LU0292108619,DBX1ML,XETR
Xtrackers MSCI Emerging Markets ESG UCITS ETF,XZEM,IE00BG370F43,A2JHSF,XETR
Xtrackers MSCI Emerging Markets Swap UCITS ETF 1C,DBX1,LU0292107645,DBX1EM,XETR
Xtrackers MSCI Emerging Markets UCITS ETF 1C,XMME,IE00BTJRMP35,A12GVR,XETR
Xtrackers MSCI EMU ESG UCITS ETF 1C,XZEZ,IE00BNC1G699,A2QGNE,XETR
Xtrackers MSCI EMU UCITS ETF 1D,XD5E,LU0846194776,DBX0GJ,XETR
Xtrackers MSCI Europe ESG UCITS ETF,XZEU,IE00BFMNHK08,A2JHSG,XETR
Xtrackers MSCI Europe Mid Cap UCITS ETF 1C,DX2I,LU0322253732,DBX1AT,XETR
Xtrackers MSCI Europe Small Cap UCITS ETF 1C,DX2J,LU0322253906,DBX1AU,XETR
Xtrackers MSCI Europe UCITS ETF 1C,DBXA,LU0274209237,DBX1ME,XETR
Xtrackers MSCI Europe UCITS ETF 1D,XIEE,LU1242369327,DBX0P1,XETR
Xtrackers MSCI GCC Select Swap UCITS ETF 1C,XGLF,IE00BQXKVQ19,A12B98,XETR
Xtrackers MSCI India Swap UCITS ETF 1C,XCS5,LU0514695187,DBX0G0,XETR
Xtrackers MSCI Indonesia Swap UCITS ETF 1C,XAIN,LU0476289623,DBX0EU,XETR
Xtrackers MSCI Japan ESG UCITS ETF,XZMJ,IE00BG36TC12,A2JHSE,XETR
Xtrackers MSCI Japan UCITS ETF 1C,DBXJ,LU0274209740,DBX1MJ,XETR
Xtrackers MSCI Japan UCITS ETF 4C EUR Hedged,XMK9,LU0659580079,DBX0KT,XETR
Xtrackers MSCI Korea UCITS ETF 1C,DBX8,LU0292100046,DBX1K2,XETR
Xtrackers MSCI Malaysia UCITS ETF 1C,XCS3,LU0514694370,DBX0GW,XETR
Xtrackers MSCI Mexico UCITS ETF 1C,D5BI,LU0476289466,DBX0ES,XETR
Xtrackers MSCI Nordic UCITS ETF 1D,XDN0,IE00B9MRHC27,A1T791,XETR
Xtrackers MSCI Pacific ex Japan UCITS ETF 1C,DXS6,LU0322252338,DBX1AF,XETR
Xtrackers MSCI Pakistan Swap UCITS ETF 1C,XBAK,LU0659579147,DBX0KK,XETR
Xtrackers MSCI Philippines UCITS ETF 1C,XPQP,LU0592215403,DBX0H9,XETR
Xtrackers MSCI Russia Capped Swap UCITS ETF 1C,DBXV,LU0322252502,DBX1RC,XETR
Xtrackers MSCI Singapore UCITS ETF 1C,XBAS,LU0659578842,DBX0KG,XETR
Xtrackers MSCI Taiwan UCITS ETF 1C,DBX5,LU0292109187,DBX1MT,XETR
Xtrackers MSCI Thailand UCITS ETF 1C,XCS4,LU0514694701,DBX0GY,XETR
Xtrackers MSCI UK ESG UCITS ETF 1D,DBXZ,LU0292097747,DBX1FA,XETR
Xtrackers MSCI USA ESG UCITS ETF,XZMU,IE00BFMNPS42,A2JHSH,XETR
Xtrackers MSCI USA Swap UCITS ETF 1C,DBXU,LU0274210672,DBX1MU,XETR
Xtrackers MSCI USA UCITS ETF 1C,XD9U,IE00BJ0KDR00,A1XB5V,XETR
Xtrackers MSCI USA UCITS ETF 1D,XD9D,IE00BK1PV445,A1XEY1,XETR
Xtrackers MSCI USA UCITS ETF 2C EUR Hedged,XD9E,IE00BG04M077,A2JDYV,XETR
Xtrackers MSCI World ESG UCITS ETF,XZW0,IE00BZ02LR44,A2AQST,XETR
Xtrackers MSCI World ESG UCITS ETF 2C - EUR hedged,XZWE,IE00BMY76136,A2P63R,XETR
Xtrackers MSCI World Swap UCITS ETF 1C,DBXW,LU0274208692,DBX1MW,XETR
Xtrackers MSCI World Swap UCITS ETF 1D,XWD1,LU2263803533,DBX0RG,XETR
Xtrackers MSCI World Swap UCITS ETF 4C EUR Hedged,XWEH,LU0659579733,DBX0KQ,XETR
Xtrackers MSCI World UCITS ETF 1C,XDWD,IE00BJ0KDQ92,A1XB5U,XETR
Xtrackers MSCI World UCITS ETF 1D,XDWL,IE00BK1PV551,A1XEY2,XETR
Xtrackers Nasdaq-100 UCITS ETF 1C,XNAS,IE00BMFKG444,A2QJU3,XETR
Xtrackers Nifty 50 Swap UCITS ETF 1C,DBX7,LU0292109690,DBX1NN,XETR
Xtrackers Nikkei 225 UCITS ETF 1C,XNKY,LU2196470426,A2P7NT,XETR
Xtrackers Nikkei 225 UCITS ETF 1D,XDJP,LU0839027447,DBX0NJ,XETR
Xtrackers Nikkei 225 UCITS ETF 2D EUR Hedged,XDJE,LU1875395870,DBX0Q9,XETR
Xtrackers Portfolio Income UCITS ETF 1D,XS7W,IE00B3Y8D011,A1C1G8,XETR
Xtrackers Portfolio UCITS ETF 1C,DBX0,LU0397221945,DBX0BT,XETR
Xtrackers Russell 2000 UCITS ETF 1C,XRS2,IE00BJZ2DD79,A1XEJT,XETR
Xtrackers Russell Midcap UCITS ETF 1C,XRSM,IE00BJZ2DC62,A1XEJS,XETR
Xtrackers S&P 500 Swap UCITS ETF 1C,D5BM,LU0490618542,DBX0F2,XETR
Xtrackers S&P 500 UCITS ETF 1C EUR Hedged,XDPE,IE00BM67HW99,A113FP,XETR
Xtrackers S&P 500 UCITS ETF 1D EUR Hedged,XDPD,IE00BGJWX091,A2N4YV,XETR
Xtrackers S&P ASX 200 UCITS ETF 1D,DX2S,LU0328474803,DBX1A2,XETR
Xtrackers S&P Europe ex UK UCITS ETF 1D,XUEK,IE00BGV5VM45,A2JCAG,XETR
Xtrackers S&P Select Frontier Swap UCITS ETF 1C,DX2Z,LU0328476410,DBX1A9,XETR
Xtrackers SLI UCITS ETF 1D,DXS0,LU0322248146,DBX1AA,XETR
Xtrackers Spain UCITS ETF 1C,XESP,LU0592216393,DBX0HR,XETR
Xtrackers Spain UCITS ETF 1D,XESD,LU0994505336,DBX0K8,XETR
Xtrackers STOXX Europe 600 UCITS ETF 1C,DX2X,LU0328475792,DBX1A7,XETR
Xtrackers STOXX Europe 600 UCITS ETF 2C EUR Hedged,XSXE,LU1772333404,DBX0QN,XETR
Xtrackers Switzerland UCITS ETF 1D,DBXS,LU0274221281,DBX1SM,XETR
Xtrackers US Treasuries Ultrashort Bond UCITS ETF 1C,XT01,IE00BM97MR69,A2P7TP,XETR
Xtrackers USD Corporate Bond UCITS ETF 1C,XDCC,IE00BFMKQC67,A2JNWP,XETR
Xtrackers USD Corporate Bond UCITS ETF 1D,XDGU,IE00BZ036H21,A14XH5,XETR
Xtrackers USD Corporate Bond UCITS ETF 2D EUR Hedged,XDGE,IE00BZ036J45,A14XH4,XETR
Xtrackers USD High Yield Corporate Bond UCITS ETF 1D,XUHY,IE00BDR5HM97,A2DXQ6,XETR
